{
	"name": "케이아",
	"combat1": {
		"name": "일반 공격·의전 검술",
		"info": "**일반 공격**\n검으로 최대 5번 공격한다.\n\n**강공격**\n일정 스태미나를 소모해 순간적으로 전방을 향해 검을 2번 휘두른다.\n\n**낙하 공격**\n공중에서 땅을 내려찍어 경로상의 적을 공격하고, 착지 시 범위 피해를 준다",
		"attributes": {
			"labels": [
				"1단 공격 피해|{param1:F1P}",
				"2단 공격 피해|{param2:F1P}",
				"3단 공격 피해|{param3:F1P}",
				"4단 공격 피해|{param4:F1P}",
				"5단 공격 피해|{param5:F1P}",
				"강공격 피해|{param6:F1P}+{param7:F1P}",
				"강공격 스태미나 소모|{param8:F1}pt",
				"낙하 기간 피해|{param9:F1P}",
				"저공/고공 추락 충격 피해|{param10:P}/{param11:P}"
			],
			"parameters": {
				"param1": [
					0.5375000238418579,
					0.581250011920929,
					0.625,
					0.6875,
					0.731249988079071,
					0.78125,
					0.8500000238418579,
					0.918749988079071,
					0.987500011920929,
					1.0625,
					1.1484379768371582,
					1.249500036239624,
					1.3505619764328003,
					1.4516249895095825,
					1.5618749856948853
				],
				"param2": [
					0.5168600082397461,
					0.558929979801178,
					0.6010000109672546,
					0.6610999703407288,
					0.7031700015068054,
					0.7512500286102295,
					0.817359983921051,
					0.8834699988365173,
					0.9495800137519836,
					1.0217000246047974,
					1.1043369770050049,
					1.2015190124511719,
					1.2987010478973389,
					1.3958829641342163,
					1.501899003982544
				],
				"param3": [
					0.6527400016784668,
					0.7058699727058411,
					0.7590000033378601,
					0.8349000215530396,
					0.8880299925804138,
					0.9487500190734863,
					1.0322400331497192,
					1.1157300472259521,
					1.1992199420928955,
					1.2903000116348267,
					1.3946620225906372,
					1.5173929929733276,
					1.6401230096817017,
					1.7628530263900757,
					1.8967410326004028
				],
				"param4": [
					0.7086399793624878,
					0.766319990158081,
					0.8240000009536743,
					0.9064000248908997,
					0.9640799760818481,
					1.0299999713897705,
					1.1206400394439697,
					1.2112799882888794,
					1.3019200563430786,
					1.4007999897003174,
					1.5140999555587769,
					1.647341012954712,
					1.7805819511413574,
					1.913822054862976,
					2.059175968170166
				],
				"param5": [
					0.8823599815368652,
					0.9541800022125244,
					1.0260000228881836,
					1.128600001335144,
					1.2004200220108032,
					1.2825000286102295,
					1.395359992980957,
					1.5082199573516846,
					1.6210800409317017,
					1.7441999912261963,
					1.8852750062942505,
					2.0511789321899414,
					2.217082977294922,
					2.3829879760742188,
					2.563973903656006
				],
				"param6": [
					0.5504000186920166,
					0.5952000021934509,
					0.6399999856948853,
					0.7039999961853027,
					0.7487999796867371,
					0.800000011920929,
					0.8704000115394592,
					0.9408000111579895,
					1.011199951171875,
					1.0880000591278076,
					1.1759999990463257,
					1.27948796749115,
					1.3829760551452637,
					1.486464023590088,
					1.5993599891662598
				],
				"param7": [
					0.7310000061988831,
					0.7904999852180481,
					0.8500000238418579,
					0.9350000023841858,
					0.9944999814033508,
					1.0625,
					1.156000018119812,
					1.249500036239624,
					1.343000054359436,
					1.4450000524520874,
					1.5618749856948853,
					1.6993199586868286,
					1.8367650508880615,
					1.9742100238800049,
					2.124150037765503
				],
				"param8": [
					20,
					20,
					20,
					20,
					20,
					20,
					20,
					20,
					20,
					20,
					20,
					20,
					20,
					20,
					20
				],
				"param9": [
					0.6393240094184875,
					0.6913620233535767,
					0.743399977684021,
					0.8177400231361389,
					0.8697779774665833,
					0.9292500019073486,
					1.011023998260498,
					1.0927979946136475,
					1.1745719909667969,
					1.2637799978256226,
					1.3529880046844482,
					1.442196011543274,
					1.5314040184020996,
					1.6206120252609253,
					1.709820032119751
				],
				"param10": [
					1.2783770561218262,
					1.3824310302734375,
					1.4864850044250488,
					1.635133981704712,
					1.7391870021820068,
					1.858106017112732,
					2.021620035171509,
					2.1851329803466797,
					2.3486459255218506,
					2.527024984359741,
					2.7054030895233154,
					2.8837809562683105,
					3.0621590614318848,
					3.24053692817688,
					3.418915033340454
				],
				"param11": [
					1.59676194190979,
					1.7267309427261353,
					1.8566999435424805,
					2.042370080947876,
					2.1723389625549316,
					2.3208749294281006,
					2.5251119136810303,
					2.72934889793396,
					2.9335858821868896,
					3.1563899517059326,
					3.3791940212249756,
					3.6019980907440186,
					3.8248019218444824,
					4.047605991363525,
					4.270410060882568
				]
			}
		}
	},
	"combat2": {
		"name": "서리 엄습",
		"info": "얼어붙는듯한 냉기를 방출해 전방의 적에게 얼음 원소 피해를 준다.",
		"description": "보기에는 친절한 케이아지만 그 누구도 녹일 수 없는 단단하고 두꺼운 얼음이기도 하다",
		"attributes": {
			"labels": [
				"스킬 피해|{param1:P}",
				"재사용 대기시간|{param2:F1}초"
			],
			"parameters": {
				"param1": [
					1.9119999408721924,
					2.0553998947143555,
					2.1988000869750977,
					2.390000104904175,
					2.533400058746338,
					2.676800012588501,
					2.868000030517578,
					3.0592000484466553,
					3.2504000663757324,
					3.4416000843048096,
					3.6328001022338867,
					3.8239998817443848,
					4.063000202178955,
					4.302000045776367,
					4.540999889373779
				],
				"param2": [
					6,
					6,
					6,
					6,
					6,
					6,
					6,
					6,
					6,
					6,
					6,
					6,
					6,
					6,
					6
				]
			}
		}
	},
	"combat3": {
		"name": "살을 에는 윤무",
		"info": "공기 중의 서리를 모아 자신의 주위를 도는 3개의 얼음 기둥을 소환한다.\n얼음 기둥이 존재하는 동안 캐릭터를 따라 이동하고 경로상의 적에게 얼음 원소 피해를 준다.",
		"description": "친절한 미소와 상냥한 말, 그리고 이 둘 아래에 잠재되어 있는 가차없는 차가움. 이 모든 것들이 케이아의 무기이다",
		"attributes": {
			"labels": [
				"스킬 피해|{param1:F1P}",
				"재사용 대기시간|{param2:F1}초",
				"지속 시간|{param3:F1}초",
				"원소 에너지|{param4:I}"
			],
			"parameters": {
				"param1": [
					0.7760000228881836,
					0.8342000246047974,
					0.8924000263214111,
					0.9700000286102295,
					1.0282000303268433,
					1.086400032043457,
					1.1640000343322754,
					1.2416000366210938,
					1.319200038909912,
					1.3968000411987305,
					1.4744000434875488,
					1.5520000457763672,
					1.6490000486373901,
					1.746000051498413,
					1.843000054359436
				],
				"param2": [
					15,
					15,
					15,
					15,
					15,
					15,
					15,
					15,
					15,
					15,
					15,
					15,
					15,
					15,
					15
				],
				"param3": [
					8,
					8,
					8,
					8,
					8,
					8,
					8,
					8,
					8,
					8,
					8,
					8,
					8,
					8,
					8
				],
				"param4": [
					60,
					60,
					60,
					60,
					60,
					60,
					60,
					60,
					60,
					60,
					60,
					60,
					60,
					60,
					60
				]
			}
		}
	},
	"passive1": {
		"name": "냉혈의 검",
		"info": "**서리 엄습**이 적 1기에 명중할 때마다 케이아의 HP를 공격력의 15%만큼 회복한다"
	},
	"passive2": {
		"name": "빙연의 마음",
		"info": "**서리 엄습**이 적을 빙결시키면 얼어붙은 적은 원소 입자를 추가로 드랍한다.\n서리 엄습 1회로 최대 2개의 원소 입자가 추가로 드랍한다"
	},
	"passive3": {
		"name": "숨겨진 실력",
		"info": "파티 내 자신의 캐릭터의 대시 시 소모하는 스태미나가 20% 감소한다.\n같은 효과의 고유 특성과 중첩되지 않는다"
	}
}