{
	"name": "클레",
	"combat1": {
		"name": "일반 공격·펑펑",
		"info": "**일반 공격**\n무언가에 부딪히면 펑하고 폭발하는 물건을 던진다! 폭발 공격을 최대 3회까지 발동해 불 원소 범위 피해를 준다.\n\n**강공격**\n일정 스태미나를 소모해 짧은 영창 후 적을 폭격하여 불 원소 범위 피해를 준다.\n\n**낙하 공격**\n공중에서 열염의 힘을 모은 후 지면을 강타해 경로상의 적을 공격하고 착지 시 불 원소 범위 피해를 준다",
		"attributes": {
			"labels": [
				"1단 공격 피해|{param1:F1P}",
				"2단 공격 피해|{param2:F1P}",
				"3단 공격 피해|{param3:F1P}",
				"강공격 피해|{param4:P}",
				"강공격 스태미나 소모|{param5:F1}pt",
				"낙하 기간 피해|{param6:F1P}",
				"저공/고공 추락 충격 피해|{param7:P}/{param8:P}"
			],
			"parameters": {
				"param1": [
					0.7215999960899353,
					0.7757200002670288,
					0.8298400044441223,
					0.9020000100135803,
					0.9561200141906738,
					1.0102399587631226,
					1.0823999643325806,
					1.1545599699020386,
					1.2267199754714966,
					1.2988799810409546,
					1.373926043510437,
					1.4720640182495117,
					1.5702019929885864,
					1.6683390140533447,
					1.7664769887924194
				],
				"param2": [
					0.6240000128746033,
					0.670799970626831,
					0.7175999879837036,
					0.7799999713897705,
					0.8267999887466431,
					0.8736000061035156,
					0.9359999895095825,
					0.9983999729156494,
					1.0607999563217163,
					1.1232000589370728,
					1.188096046447754,
					1.2729599475860596,
					1.3578239679336548,
					1.44268798828125,
					1.5275520086288452
				],
				"param3": [
					0.8992000222206116,
					0.9666399955749512,
					1.0340800285339355,
					1.1239999532699585,
					1.1914399862289429,
					1.2588800191879272,
					1.3487999439239502,
					1.4387199878692627,
					1.5286400318145752,
					1.6185599565505981,
					1.712077021598816,
					1.8343679904937744,
					1.956658959388733,
					2.0789499282836914,
					2.201241970062256
				],
				"param4": [
					1.5736000537872314,
					1.6916199922561646,
					1.8096400499343872,
					1.9670000076293945,
					2.085020065307617,
					2.2030398845672607,
					2.3603999614715576,
					2.5177600383758545,
					2.6751201152801514,
					2.832479953765869,
					2.996134042739868,
					3.21014404296875,
					3.424154043197632,
					3.6381630897521973,
					3.852173089981079
				],
				"param5": [
					50,
					50,
					50,
					50,
					50,
					50,
					50,
					50,
					50,
					50,
					50,
					50,
					50,
					50,
					50
				],
				"param6": [
					0.5682880282402039,
					0.6145439743995667,
					0.6607999801635742,
					0.7268800139427185,
					0.7731360197067261,
					0.8259999752044678,
					0.898688018321991,
					0.9713760018348694,
					1.0440640449523926,
					1.12336003780365,
					1.2026560306549072,
					1.2819520235061646,
					1.3612480163574219,
					1.4405440092086792,
					1.5198400020599365
				],
				"param7": [
					1.136335015296936,
					1.228827953338623,
					1.3213200569152832,
					1.4534519910812378,
					1.5459439754486084,
					1.6516499519348145,
					1.7969950437545776,
					1.9423400163650513,
					2.087686061859131,
					2.246243953704834,
					2.404802083969116,
					2.5633609294891357,
					2.721919059753418,
					2.8804779052734375,
					3.0390360355377197
				],
				"param8": [
					1.4193439483642578,
					1.534872055053711,
					1.6504000425338745,
					1.815440058708191,
					1.9309680461883545,
					2.062999963760376,
					2.24454402923584,
					2.4260880947113037,
					2.6076319217681885,
					2.8056800365448,
					3.003727912902832,
					3.2017760276794434,
					3.3998239040374756,
					3.597872018814087,
					3.795919895172119
				]
			}
		}
	},
	"combat2": {
		"name": "통통 폭탄",
		"info": "끝없는 즐거움을 가져다주는 통통 폭탄을 던진다!\n통통 폭탄은 연속으로 3회 튕기며 튕길 때마다 폭발을 일으켜 불 원소 범위 피해를 준다.\n\n3번 튕긴 후 폭탄은 수많은 부비트랩으로 분열된다.\n적이 밟거나 일정 시간이 지나면 부비트랩은 폭발하여 불 원소 범위 피해를 준다.\n\n초기 사용 가능 횟수: 2회",
		"description": "통통은 클레의 「친한 친구」이다… 클레는 항상 참지 못하고 모두에게 이 친구를 소개하곤 한다",
		"attributes": {
			"labels": [
				"통통 폭탄 피해|{param1:F1P}",
				"부비트랩 피해|{param4:F1P}",
				"부비트랩 지속 시간|{param5:F1}초",
				"재사용 대기시간|{param6:F1}초"
			],
			"parameters": {
				"param1": [
					0.9520000219345093,
					1.0233999490737915,
					1.0947999954223633,
					1.190000057220459,
					1.2613999843597412,
					1.332800030708313,
					1.4279999732971191,
					1.5232000350952148,
					1.618399977684021,
					1.7136000394821167,
					1.8087999820709229,
					1.9040000438690186,
					2.0230000019073486,
					2.1419999599456787,
					2.260999917984009
				],
				"param2": [
					0.9520000219345093,
					1.0233999490737915,
					1.0947999954223633,
					1.190000057220459,
					1.2613999843597412,
					1.332800030708313,
					1.4279999732971191,
					1.5232000350952148,
					1.618399977684021,
					1.7136000394821167,
					1.8087999820709229,
					1.9040000438690186,
					2.0230000019073486,
					2.1419999599456787,
					2.260999917984009
				],
				"param3": [
					0.9520000219345093,
					1.0233999490737915,
					1.0947999954223633,
					1.190000057220459,
					1.2613999843597412,
					1.332800030708313,
					1.4279999732971191,
					1.5232000350952148,
					1.618399977684021,
					1.7136000394821167,
					1.8087999820709229,
					1.9040000438690186,
					2.0230000019073486,
					2.1419999599456787,
					2.260999917984009
				],
				"param4": [
					0.328000009059906,
					0.35260000824928284,
					0.37720000743865967,
					0.4099999964237213,
					0.43459999561309814,
					0.459199994802475,
					0.492000013589859,
					0.5248000025749207,
					0.5576000213623047,
					0.590399980545044,
					0.623199999332428,
					0.656000018119812,
					0.6970000267028809,
					0.7379999756813049,
					0.7789999842643738
				],
				"param5": [
					15,
					15,
					15,
					15,
					15,
					15,
					15,
					15,
					15,
					15,
					15,
					15,
					15,
					15,
					15
				],
				"param6": [
					20,
					20,
					20,
					20,
					20,
					20,
					20,
					20,
					20,
					20,
					20,
					20,
					20,
					20,
					20
				]
			}
		}
	},
	"combat3": {
		"name": "쾅쾅 불꽃",
		"info": "클레 최대 화력! 스킬을 발동하는 동안 쾅쾅 불꽃을 끊임없이 소환해 주변의 적에게 불 원소 범위 피해를 준다.",
		"description": "기사단 사람들은 클레가 한 번도 자신의 폭탄에 휘말려 들지 않는 건 행운의 별이 그녀를 지켜주고 있기 때문이라고 믿는다…",
		"attributes": {
			"labels": [
				"쾅쾅 불꽃 피해|{param1:F1P}",
				"지속 시간|{param5:F1}초",
				"재사용 대기시간|{param2:F1}초",
				"원소 에너지|{param3:I}"
			],
			"parameters": {
				"param1": [
					0.42640000581741333,
					0.4583800137042999,
					0.49035999178886414,
					0.5329999923706055,
					0.5649799704551697,
					0.5969600081443787,
					0.6395999789237976,
					0.6822400093078613,
					0.7248799800872803,
					0.767520010471344,
					0.8101599812507629,
					0.8528000116348267,
					0.9060999751091003,
					0.9593999981880188,
					1.0126999616622925
				],
				"param2": [
					15,
					15,
					15,
					15,
					15,
					15,
					15,
					15,
					15,
					15,
					15,
					15,
					15,
					15,
					15
				],
				"param3": [
					60,
					60,
					60,
					60,
					60,
					60,
					60,
					60,
					60,
					60,
					60,
					60,
					60,
					60,
					60
				],
				"param4": [
					0.511680006980896,
					0.550055980682373,
					0.5884320139884949,
					0.6395999789237976,
					0.6779760122299194,
					0.7163519859313965,
					0.767520010471344,
					0.8186879754066467,
					0.8698559999465942,
					0.9210240244865417,
					0.9721919894218445,
					1.023360013961792,
					1.0873199701309204,
					1.1512800455093384,
					1.2152400016784668
				],
				"param5": [
					10,
					10,
					10,
					10,
					10,
					10,
					10,
					10,
					10,
					10,
					10,
					10,
					10,
					10,
					10
				]
			}
		}
	},
	"passive1": {
		"name": "펑펑 선물",
		"info": "**통통 폭탄**과 일반 공격으로 피해를 줄 때 50%의 확률로 클레에게 폭렬 불꽃을 1송이 부여한다.\n강공격 발동 시 소모되는 스태미나를 대신해 폭렬 불꽃을 소모하며 가하는 피해가 50% 증가한다"
	},
	"passive2": {
		"name": "무한 스파크",
		"info": "클레가 강공격 시 치명타가 발생하면 파티 내 모든 캐릭터의 원소 에너지를 2pt 회복한다"
	},
	"passive3": {
		"name": "전부 보물이야",
		"info": "미니맵에 주위의 **몬드 지역 특산물** 위치가 나타난다"
	}
}