{
	"name": "安柏",
	"combat1": {
		"name": "普通攻擊·神射手",
		"info": "**普通攻擊**\n進行至多五段的連續弓箭射擊。\n\n**重擊**\n進行傷害更高、更為精準的**瞄準射擊**。\n瞄準時，烈焰會在箭矢上持續積聚。聚滿了烈焰的箭矢會造成火元素傷害。\n\n**下落攻擊**\n從空中射出箭雨，並迅速下墜衝擊地面，在落地時造成範圍傷害。",
		"attributes": {
			"labels": [
				"一段傷害|{param1:F1P}",
				"二段傷害|{param2:F1P}",
				"三段傷害|{param3:F1P}",
				"四段傷害|{param4:F1P}",
				"五段傷害|{param5:F1P}",
				"瞄準射擊|{param6:F1P}",
				"滿蓄力瞄準射擊|{param7:P}",
				"下墜期間傷害|{param8:F1P}",
				"低空/高空墜地衝擊傷害|{param9:P}/{param10:P}"
			],
			"parameters": {
				"param1": [
					0.3612000048160553,
					0.3905999958515167,
					0.41999998688697815,
					0.4620000123977661,
					0.49140000343322754,
					0.5249999761581421,
					0.5712000131607056,
					0.6173999905586243,
					0.6636000275611877,
					0.7139999866485596,
					0.7644000053405762,
					0.8148000240325928,
					0.8651999831199646,
					0.9156000018119812,
					0.9660000205039978
				],
				"param2": [
					0.3612000048160553,
					0.3905999958515167,
					0.41999998688697815,
					0.4620000123977661,
					0.49140000343322754,
					0.5249999761581421,
					0.5712000131607056,
					0.6173999905586243,
					0.6636000275611877,
					0.7139999866485596,
					0.7644000053405762,
					0.8148000240325928,
					0.8651999831199646,
					0.9156000018119812,
					0.9660000205039978
				],
				"param3": [
					0.4643999934196472,
					0.5022000074386597,
					0.5400000214576721,
					0.593999981880188,
					0.6317999958992004,
					0.675000011920929,
					0.7343999743461609,
					0.7937999963760376,
					0.8532000184059143,
					0.9179999828338623,
					0.9828000068664551,
					1.0476000308990479,
					1.1124000549316406,
					1.1771999597549438,
					1.2419999837875366
				],
				"param4": [
					0.4729999899864197,
					0.5115000009536743,
					0.550000011920929,
					0.6050000190734863,
					0.6434999704360962,
					0.6875,
					0.7480000257492065,
					0.8084999918937683,
					0.8690000176429749,
					0.9350000023841858,
					1.0010000467300415,
					1.0670000314712524,
					1.1330000162124634,
					1.1990000009536743,
					1.2649999856948853
				],
				"param5": [
					0.5934000015258789,
					0.641700029373169,
					0.6899999976158142,
					0.7590000033378601,
					0.8072999715805054,
					0.862500011920929,
					0.9383999705314636,
					1.014299988746643,
					1.0901999473571777,
					1.1729999780654907,
					1.2558000087738037,
					1.3386000394821167,
					1.4213999509811401,
					1.5041999816894531,
					1.5870000123977661
				],
				"param6": [
					0.43860000371932983,
					0.47429999709129333,
					0.5099999904632568,
					0.5609999895095825,
					0.5967000126838684,
					0.637499988079071,
					0.6935999989509583,
					0.7497000098228455,
					0.8058000206947327,
					0.8669999837875366,
					0.9282000064849854,
					0.9894000291824341,
					1.0506000518798828,
					1.111799955368042,
					1.1729999780654907
				],
				"param7": [
					1.2400000095367432,
					1.3329999446868896,
					1.4259999990463257,
					1.5499999523162842,
					1.6430000066757202,
					1.7359999418258667,
					1.8600000143051147,
					1.9839999675750732,
					2.1080000400543213,
					2.2320001125335693,
					2.3559999465942383,
					2.4800000190734863,
					2.634999990463257,
					2.7899999618530273,
					2.944999933242798
				],
				"param8": [
					0.5682880282402039,
					0.6145439743995667,
					0.6607999801635742,
					0.7268800139427185,
					0.7731360197067261,
					0.8259999752044678,
					0.898688018321991,
					0.9713760018348694,
					1.0440640449523926,
					1.12336003780365,
					1.2026560306549072,
					1.2819520235061646,
					1.3612480163574219,
					1.4405440092086792,
					1.5198400020599365
				],
				"param9": [
					1.136335015296936,
					1.228827953338623,
					1.3213200569152832,
					1.4534519910812378,
					1.5459439754486084,
					1.6516499519348145,
					1.7969950437545776,
					1.9423400163650513,
					2.087686061859131,
					2.246243953704834,
					2.404802083969116,
					2.5633609294891357,
					2.721919059753418,
					2.8804779052734375,
					3.0390360355377197
				],
				"param10": [
					1.4193439483642578,
					1.534872055053711,
					1.6504000425338745,
					1.815440058708191,
					1.9309680461883545,
					2.062999963760376,
					2.24454402923584,
					2.4260880947113037,
					2.6076319217681885,
					2.8056800365448,
					3.003727912902832,
					3.2017760276794434,
					3.3998239040374756,
					3.597872018814087,
					3.795919895172119
				]
			}
		}
	},
	"combat2": {
		"name": "爆彈玩偶",
		"info": "請可靠的兔兔伯爵上陣。\n\n**兔兔伯爵**\n·持續嘲諷周圍的敵人，吸引火力；\n·耐久度按比例繼承安柏的生命值上限；\n·被摧毀或持續時間結束時，會發生劇烈的爆炸，造成火元素範圍傷害。\n\n**長按**\n調整投擲方向。\n投擲距離隨長按時間增加。",
		"description": "兔兔伯爵有著悠久的家系。但從兔兔八百九十三世開始，安柏就停止計數了。",
		"attributes": {
			"labels": [
				"繼承生命|{param1:F1P}",
				"爆炸傷害|{param2:P}",
				"冷卻時間|{param4:F1}秒"
			],
			"parameters": {
				"param1": [
					0.41359999775886536,
					0.4446200132369995,
					0.4756399989128113,
					0.5170000195503235,
					0.5480200052261353,
					0.579039990901947,
					0.6204000115394592,
					0.6617599725723267,
					0.7031199932098389,
					0.7444800138473511,
					0.7858399748802185,
					0.8271999955177307,
					0.8788999915122986,
					0.9305999875068665,
					0.9822999835014343
				],
				"param2": [
					1.2319999933242798,
					1.3243999481201172,
					1.4168000221252441,
					1.5399999618530273,
					1.6324000358581543,
					1.7247999906539917,
					1.8480000495910645,
					1.9711999893188477,
					2.094399929046631,
					2.217600107192993,
					2.3408000469207764,
					2.4639999866485596,
					2.618000030517578,
					2.7720000743865967,
					2.9260001182556152
				],
				"param3": [
					-0.5863999724388123,
					-0.5553799867630005,
					-0.5243600010871887,
					-0.4830000102519989,
					-0.45197999477386475,
					-0.420960009098053,
					-0.37959998846054077,
					-0.33823999762535095,
					-0.29688000679016113,
					-0.2555199861526489,
					-0.2141599953174591,
					-0.1728000044822693,
					-0.12110000103712082,
					-0.06939999759197235,
					-0.01769999973475933
				],
				"param4": [
					15,
					15,
					15,
					15,
					15,
					15,
					15,
					15,
					15,
					15,
					15,
					15,
					15,
					15,
					15
				]
			}
		}
	},
	"combat3": {
		"name": "箭雨",
		"info": "射出火焰箭雨，持續造成火元素範圍傷害。",
		"description": "滿心熱誠的安柏真的很熱。",
		"attributes": {
			"labels": [
				"箭雨單次傷害|{param1:F1P}",
				"箭雨總傷害|{param4:P}",
				"持續時間|{param5:F1}秒",
				"冷卻時間|{param2:F1}秒",
				"元素能量|{param3:I}"
			],
			"parameters": {
				"param1": [
					0.2808000147342682,
					0.3018600046634674,
					0.3229199945926666,
					0.35100001096725464,
					0.37206000089645386,
					0.3931199908256531,
					0.4212000072002411,
					0.4492799937725067,
					0.4773600101470947,
					0.5054399967193604,
					0.533519983291626,
					0.5616000294685364,
					0.5967000126838684,
					0.6317999958992004,
					0.6668999791145325
				],
				"param2": [
					12,
					12,
					12,
					12,
					12,
					12,
					12,
					12,
					12,
					12,
					12,
					12,
					12,
					12,
					12
				],
				"param3": [
					40,
					40,
					40,
					40,
					40,
					40,
					40,
					40,
					40,
					40,
					40,
					40,
					40,
					40,
					40
				],
				"param4": [
					5.0543999671936035,
					5.4334797859191895,
					5.812560081481934,
					6.317999839782715,
					6.697080135345459,
					7.076159954071045,
					7.581600189208984,
					8.087039947509766,
					8.592479705810547,
					9.097920417785645,
					9.603360176086426,
					10.108799934387207,
					10.740599632263184,
					11.372400283813477,
					12.004199981689453
				],
				"param5": [
					2,
					2,
					2,
					2,
					2,
					2,
					2,
					2,
					2,
					2,
					2,
					2,
					2,
					2,
					2
				]
			}
		}
	},
	"passive1": {
		"name": "百發百中！",
		"info": "**箭雨**的暴擊率提高10%，影響範圍擴大30%。"
	},
	"passive2": {
		"name": "壓制射擊",
		"info": "瞄準射擊命中弱點時，攻擊力提高15%，持續10秒。"
	},
	"passive3": {
		"name": "飛行冠軍",
		"info": "隊伍中自己的角色滑翔消耗的體力降低20%。\n無法與效果完全相同的固有天賦疊加。"
	}
}