{
	"name": "琴",
	"combat1": {
		"name": "普通攻擊·西風劍術",
		"info": "**普通攻擊**\n進行至多五段的連續劍擊。\n\n**重擊**\n消耗一定體力，進行飽含風之力的挑擊。\n被挑飛的敵人，在短時間內會緩慢墜落。\n\n**下落攻擊**\n從空中下墜衝擊地面，攻擊下落路徑上的敵人，並在落地時造成範圍傷害。",
		"attributes": {
			"labels": [
				"一段傷害|{param1:F1P}",
				"二段傷害|{param2:F1P}",
				"三段傷害|{param3:F1P}",
				"四段傷害|{param4:F1P}",
				"五段傷害|{param5:F1P}",
				"重擊傷害|{param6:P}",
				"重擊體力消耗|{param7:F1}點",
				"下墜期間傷害|{param8:F1P}",
				"低空/高空墜地衝擊傷害|{param9:P}/{param10:P}"
			],
			"parameters": {
				"param1": [
					0.4833199977874756,
					0.5226600170135498,
					0.5619999766349792,
					0.6182000041007996,
					0.6575400233268738,
					0.7024999856948853,
					0.7643200159072876,
					0.8261399865150452,
					0.8879600167274475,
					0.9553999900817871,
					1.03267502784729,
					1.1235500574111938,
					1.214426040649414,
					1.3053009510040283,
					1.4044380187988281
				],
				"param2": [
					0.45579999685287476,
					0.492900013923645,
					0.5299999713897705,
					0.5830000042915344,
					0.6201000213623047,
					0.6625000238418579,
					0.72079998254776,
					0.7791000008583069,
					0.8374000191688538,
					0.9010000228881836,
					0.9738749861717224,
					1.0595760345458984,
					1.1452770233154297,
					1.230978012084961,
					1.324470043182373
				],
				"param3": [
					0.6028599739074707,
					0.6519299745559692,
					0.7009999752044678,
					0.7710999846458435,
					0.820169985294342,
					0.8762500286102295,
					0.9533600211143494,
					1.0304700136184692,
					1.1075799465179443,
					1.1916999816894531,
					1.2880879640579224,
					1.4014389514923096,
					1.5147910118103027,
					1.6281429529190063,
					1.7517989873886108
				],
				"param4": [
					0.6587600111961365,
					0.7123799920082092,
					0.765999972820282,
					0.8425999879837036,
					0.8962200284004211,
					0.9574999809265137,
					1.041759967803955,
					1.1260199546813965,
					1.210279941558838,
					1.3021999597549438,
					1.4075249433517456,
					1.5313869714736938,
					1.655248999595642,
					1.7791119813919067,
					1.9142340421676636
				],
				"param5": [
					0.7920600175857544,
					0.8565300107002258,
					0.9210000038146973,
					1.013100028038025,
					1.0775699615478516,
					1.1512500047683716,
					1.252560019493103,
					1.3538700342178345,
					1.455180048942566,
					1.5657000541687012,
					1.692337989807129,
					1.8412630558013916,
					1.9901889562606812,
					2.13911509513855,
					2.301578998565674
				],
				"param6": [
					1.6202399730682373,
					1.752120018005371,
					1.8839999437332153,
					2.0724000930786133,
					2.204279899597168,
					2.3550000190734863,
					2.5622398853302,
					2.769479990005493,
					2.976720094680786,
					3.2028000354766846,
					3.4618499279022217,
					3.766493082046509,
					4.071135997772217,
					4.3757781982421875,
					4.708116054534912
				],
				"param7": [
					20,
					20,
					20,
					20,
					20,
					20,
					20,
					20,
					20,
					20,
					20,
					20,
					20,
					20,
					20
				],
				"param8": [
					0.6393240094184875,
					0.6913620233535767,
					0.743399977684021,
					0.8177400231361389,
					0.8697779774665833,
					0.9292500019073486,
					1.011023998260498,
					1.0927979946136475,
					1.1745719909667969,
					1.2637799978256226,
					1.3529880046844482,
					1.442196011543274,
					1.5314040184020996,
					1.6206120252609253,
					1.709820032119751
				],
				"param9": [
					1.2783770561218262,
					1.3824310302734375,
					1.4864850044250488,
					1.635133981704712,
					1.7391870021820068,
					1.858106017112732,
					2.021620035171509,
					2.1851329803466797,
					2.3486459255218506,
					2.527024984359741,
					2.7054030895233154,
					2.8837809562683105,
					3.0621590614318848,
					3.24053692817688,
					3.418915033340454
				],
				"param10": [
					1.59676194190979,
					1.7267309427261353,
					1.8566999435424805,
					2.042370080947876,
					2.1723389625549316,
					2.3208749294281006,
					2.5251119136810303,
					2.72934889793396,
					2.9335858821868896,
					3.1563899517059326,
					3.3791940212249756,
					3.6019980907440186,
					3.8248019218444824,
					4.047605991363525,
					4.270410060882568
				]
			}
		}
	},
	"combat2": {
		"name": "風壓劍",
		"info": "將無形的風之力匯聚在劍上，釋放微型的風暴，將敵人朝瞄準的方向擊飛，造成大量風元素傷害。\n\n**長按**\n以持續消耗體力為代價，令旋風將周圍的敵人與物體牽引至面前。\n可以調整方向。\n期間無法移動。",
		"description": "與一心守護的琴同行的，是能將危險驅離夥伴身邊的守護之風。",
		"attributes": {
			"labels": [
				"技能傷害|{param1:P}",
				"體力消耗|每秒{param2:F1}點",
				"最大持續時間|{param3:F1}秒",
				"冷卻時間|{param4:F1}秒"
			],
			"parameters": {
				"param1": [
					2.9200000762939453,
					3.1389999389648438,
					3.3580000400543213,
					3.6500000953674316,
					3.86899995803833,
					4.0879998207092285,
					4.380000114440918,
					4.671999931335449,
					4.964000225067139,
					5.25600004196167,
					5.547999858856201,
					5.840000152587891,
					6.204999923706055,
					6.570000171661377,
					6.934999942779541
				],
				"param2": [
					20,
					20,
					20,
					20,
					20,
					20,
					20,
					20,
					20,
					20,
					20,
					20,
					20,
					20,
					20
				],
				"param3": [
					5,
					5,
					5,
					5,
					5,
					5,
					5,
					5,
					5,
					5,
					5,
					5,
					5,
					5,
					5
				],
				"param4": [
					6,
					6,
					6,
					6,
					6,
					6,
					6,
					6,
					6,
					6,
					6,
					6,
					6,
					6,
					6
				]
			}
		}
	},
	"combat3": {
		"name": "蒲公英之風",
		"info": "呼喚風的護佑，創造千風湧動的蒲公英領域，擊退周圍的敵人並造成風元素傷害。\n同時，為隊伍中的所有角色瞬間恢復大量生命值，回復量受益於琴的攻擊力。\n\n**蒲公英領域**\n·為其中的角色持續恢復生命值；\n·令其中的角色持續受到風元素影響；\n·對出入領域的敵人造成風元素傷害。",
		"description": "風的恩澤如同廣布大地的蒲公英，這就是琴守護的根源與心意。",
		"attributes": {
			"labels": [
				"爆發傷害|{param1:P}",
				"出入領域傷害|{param2:F1P}",
				"領域發動治療量|{param3:P}攻擊力+{param4:I}",
				"持續治療|每秒{param5:F2P}攻擊力+{param6:I}",
				"冷卻時間|{param7:F1}秒",
				"元素能量|{param8:I}"
			],
			"parameters": {
				"param1": [
					4.248000144958496,
					4.5665998458862305,
					4.885200023651123,
					5.309999942779541,
					5.628600120544434,
					5.947199821472168,
					6.372000217437744,
					6.796800136566162,
					7.22160005569458,
					7.646399974822998,
					8.071200370788574,
					8.496000289916992,
					9.027000427246094,
					9.557999610900879,
					10.08899974822998
				],
				"param2": [
					0.7839999794960022,
					0.8428000211715698,
					0.9016000032424927,
					0.9800000190734863,
					1.0388000011444092,
					1.097599983215332,
					1.1759999990463257,
					1.2544000148773193,
					1.332800030708313,
					1.4112000465393066,
					1.4895999431610107,
					1.5679999589920044,
					1.6660000085830688,
					1.7640000581741333,
					1.8619999885559082
				],
				"param3": [
					2.51200008392334,
					2.7004001140594482,
					2.8887999057769775,
					3.140000104904175,
					3.328399896621704,
					3.5167999267578125,
					3.7679998874664307,
					4.019199848175049,
					4.270400047302246,
					4.521599769592285,
					4.772799968719482,
					5.02400016784668,
					5.3379998207092285,
					5.6519999504089355,
					5.966000080108643
				],
				"param4": [
					1540.3248291015625,
					1694.3787841796875,
					1861.2705078125,
					2041,
					2233.5673828125,
					2438.97265625,
					2657.215576171875,
					2888.29638671875,
					3132.215087890625,
					3388.9716796875,
					3658.56591796875,
					3940.998046875,
					4236.26806640625,
					4544.3759765625,
					4865.3212890625
				],
				"param5": [
					0.25119999051094055,
					0.27004000544548035,
					0.28887999057769775,
					0.3140000104904175,
					0.3328399956226349,
					0.3516800105571747,
					0.376800000667572,
					0.40191999077796936,
					0.4270400106906891,
					0.4521600008010864,
					0.47727999091148376,
					0.5023999810218811,
					0.5338000059127808,
					0.5651999711990356,
					0.5965999960899353
				],