{
	"name": "莫娜",
	"combat1": {
		"name": "普通攻擊·因果點破",
		"info": "**普通攻擊**\n進行至多四段的水花攻擊，造成水元素傷害。\n\n**重擊**\n消耗一定體力，短暫詠唱後，造成水元素範圍傷害。\n\n**下落攻擊**\n凝聚水元素的力量，從空中下墜衝擊地面，攻擊下落路徑上的敵人，並在落地時造成水元素範圍傷害。",
		"attributes": {
			"labels": [
				"一段傷害|{param1:F1P}",
				"二段傷害|{param2:F1P}",
				"三段傷害|{param3:F1P}",
				"四段傷害|{param4:F1P}",
				"重擊傷害|{param5:P}",
				"重擊體力消耗|{param6:F1}點",
				"下墜期間傷害|{param7:F1P}",
				"低空/高空墜地衝擊傷害|{param8:P}/{param9:P}"
			],
			"parameters": {
				"param1": [
					0.37599998712539673,
					0.4041999876499176,
					0.4323999881744385,
					0.4699999988079071,
					0.498199999332428,
					0.5264000296592712,
					0.5640000104904175,
					0.6015999913215637,
					0.63919997215271,
					0.676800012588501,
					0.7143999934196472,
					0.7519999742507935,
					0.7990000247955322,
					0.8460000157356262,
					0.8930000066757202
				],
				"param2": [
					0.36000001430511475,
					0.3869999945163727,
					0.414000004529953,
					0.44999998807907104,
					0.47699999809265137,
					0.5040000081062317,
					0.5400000214576721,
					0.5759999752044678,
					0.6119999885559082,
					0.6480000019073486,
					0.6840000152587891,
					0.7200000286102295,
					0.7649999856948853,
					0.8100000023841858,
					0.8550000190734863
				],
				"param3": [
					0.4480000138282776,
					0.48159998655319214,
					0.5152000188827515,
					0.5600000023841858,
					0.5935999751091003,
					0.6272000074386597,
					0.671999990940094,
					0.7167999744415283,
					0.7616000175476074,
					0.8064000010490417,
					0.8511999845504761,
					0.8960000276565552,
					0.9520000219345093,
					1.0080000162124634,
					1.0640000104904175
				],
				"param4": [
					0.5616000294685364,
					0.6037200093269348,
					0.6458399891853333,
					0.7020000219345093,
					0.7441200017929077,
					0.7862399816513062,
					0.8424000144004822,
					0.8985599875450134,
					0.9547200202941895,
					1.0108799934387207,
					1.067039966583252,
					1.1232000589370728,
					1.1934000253677368,
					1.2635999917984009,
					1.333799958229065
				],
				"param5": [
					1.4972000122070312,
					1.6094900369644165,
					1.7217799425125122,
					1.871500015258789,
					1.9837900400161743,
					2.0960800647735596,
					2.245800018310547,
					2.395519971847534,
					2.5452399253845215,
					2.694960117340088,
					2.8506689071655273,
					3.054287910461426,
					3.257906913757324,
					3.4615259170532227,
					3.6651461124420166
				],
				"param6": [
					50,
					50,
					50,
					50,
					50,
					50,
					50,
					50,
					50,
					50,
					50,
					50,
					50,
					50,
					50
				],
				"param7": [
					0.5682880282402039,
					0.6145439743995667,
					0.6607999801635742,
					0.7268800139427185,
					0.7731360197067261,
					0.8259999752044678,
					0.898688018321991,
					0.9713760018348694,
					1.0440640449523926,
					1.12336003780365,
					1.2026560306549072,
					1.2819520235061646,
					1.3612480163574219,
					1.4405440092086792,
					1.5198400020599365
				],
				"param8": [
					1.136335015296936,
					1.228827953338623,
					1.3213200569152832,
					1.4534519910812378,
					1.5459439754486084,
					1.6516499519348145,
					1.7969950437545776,
					1.9423400163650513,
					2.087686061859131,
					2.246243953704834,
					2.404802083969116,
					2.5633609294891357,
					2.721919059753418,
					2.8804779052734375,
					3.0390360355377197
				],
				"param9": [
					1.4193439483642578,
					1.534872055053711,
					1.6504000425338745,
					1.815440058708191,
					1.9309680461883545,
					2.062999963760376,
					2.24454402923584,
					2.4260880947113037,
					2.6076319217681885,
					2.8056800365448,
					3.003727912902832,
					3.2017760276794434,
					3.3998239040374756,
					3.597872018814087,
					3.795919895172119
				]
			}
		}
	},
	"combat2": {
		"name": "水中幻願",
		"info": "聚集水花匯成命運的虛影。\n\n**虛影**\n具有如下特性：\n·持續嘲諷周圍的敵人，吸引火力；\n·持續對附近的敵人造成水元素傷害；\n·持續時間結束時，虛影破裂，造成水元素範圍傷害。\n\n**長按**\n借助水流之勢迅速後退，並喚出虛影。\n\n場上同時只能存在一個由水中幻願創造的虛影。高深的占星術士一直試圖製造自身的虛影來轉嫁將要到來的厄運。但是如此嘲諷厄運的人，莫娜應該是提瓦特第一個。",
		"attributes": {
			"labels": [
				"持續傷害|{param1:F1P}",
				"爆裂傷害|{param2:P}",
				"冷卻時間|{param5:F1}秒"
			],
			"parameters": {
				"param1": [
					0.3199999928474426,
					0.3440000116825104,
					0.36800000071525574,
					0.4000000059604645,
					0.42399999499320984,
					0.4480000138282776,
					0.47999998927116394,
					0.5120000243186951,
					0.5440000295639038,
					0.5759999752044678,
					0.6079999804496765,
					0.6399999856948853,
					0.6800000071525574,
					0.7200000286102295,
					0.7599999904632568
				],
				"param2": [
					1.3279999494552612,
					1.4276000261306763,
					1.5271999835968018,
					1.659999966621399,
					1.759600043296814,
					1.8592000007629395,
					1.9919999837875366,
					2.124799966812134,
					2.2576000690460205,
					2.390399932861328,
					2.523200035095215,
					2.6559998989105225,
					2.822000026702881,
					2.98799991607666,
					3.1540000438690186
				],
				"param5": [
					12,
					12,
					12,
					12,
					12,
					12,
					12,
					12,
					12,
					12,
					12,
					12,
					12,
					12,
					12
				]
			}
		}
	},
	"combatsp": {
		"name": "虛實流動",
		"info": "**替代衝刺**\n隱入流水，以消耗體力為代價，化為激流快速移動。\n\n在虛實流動狀態下，莫娜可以在水面上高速移動。\n結束虛實流動現身時，對周圍的敵人施加潮濕狀態。",
		"description": "這是莫娜能辦到，她老師卻辦不到的事情。無關水元素神之眼，畢竟她老師又不會被追著教育。",
		"attributes": {
			"labels": [
				"啟動體力消耗|{param1:F2}點",
				"持續體力消耗|每秒{param2:F2}點"
			],
			"parameters": {
				"param1": [
					10
				],
				"param2": [
					15
				]
			}
		}
	},
	"combat3": {
		"name": "星命定軌",
		"info": "凝聚粼粼的水波，倒映出虛幻星空，對大範圍內的敵人施加泡影狀態。\n\n**泡影**\n以星相的氣泡包裹敵人，施加潮濕狀態。較弱的敵人會被禁錮在泡影中，無法行動。\n處於泡影影響下的敵人受到傷害時，會產生以下效果：\n·對敵人施加星異的傷害加成效果，並以此提高這一次造成的傷害；\n·解除泡影效果，並額外造成一次水元素傷害。\n\n**星異**\n持續時間內，提高受到的傷害。",
		"description": "自從神的目光開始牽引著天上的光明，命運自此被稱之為命運。",
		"attributes": {
			"labels": [
				"泡影持續時間|{param1:F1}秒",
				"泡影破裂傷害|{param2:P}",
				"傷害加成|{param10:P}",
				"星異持續時間|{param4:F1}秒",
				"冷卻時間|{param5:F1}秒",
				"元素能量|{param6:I}"
			],
			"parameters": {
				"param1": [
					8,
					8,
					8,
					8,
					8,
					8,
					8,
					8,
					8,
					8,
					8,
					8,
					8,
					8,
					8
				],
				"param2": [
					4.423999786376953,
					4.755799770355225,
					5.087600231170654,
					5.53000020980835,
					5.861800193786621,
					6.193600177764893,
					6.636000156402588,
					7.078400135040283,
					7.5208001136779785,
					7.963200092315674,
					8.405599594116211,
					8.847999572753906,
					9.401000022888184,
					9.954000473022461,
					10.506999969482422
				],
				"param3": [
					-0.41999998688697815,
					-0.4399999976158142,
					-0.46000000834465027,
					-0.47999998927116394,
					-0.5,
					-0.5199999809265137,
					-0.5400000214576721,
					-0.5600000023841858,
					-0.5799999833106995,
					-0.6000000238418579,
					-0.6000000238418579,
					-0.6000000238418579,
					-0.6000000238418579,
					-0.6000000238418579,
					-0.6000000238418579
				],
				"param4": [
					4,
					4,
					4,
					4.5,
					4.5,
					4.5,
					5,
					5,
					5,
					5,
					5,
					5,
					5,
					5,
					5
				],
				"param5": [
					15,
					15,
					15,
					15,
					15,
					15,
					15,
					15,
					15,
					15,
					15,
					15,
					15,
					15,
					15
				],
				"param6": [
					60,
					60,
					60,
					60,
					60,
					60,
					60,
					60,
					60,
					60,
					60,
					60,
					60,
					60,
					60
				],
				"param10": [
					0.41999998688697815,
					0.4399999976158142,
					0.46000000834465027,
					0.47999998927116394,
					0.5,
					0.5199999809265137,
					0.5400000214576721,
					0.5600000023841858,
					0.5799999833106995,
					0.6000000238418579,
					0.6000000238418579,
					0.6000000238418579,
					0.6000000238418579,
					0.6000000238418579,
					0.6000000238418579
				]
			}
		}
	},
	"passive1": {
		"name": "「老太婆來抓我啊！」",
		"info": "進入**虛實流動**狀態2秒後，如果週圍存在敵人，則自動凝聚一個虛影。\n藉由這種方式產生的虛影持續2秒，造成的破裂傷害相當於**水中幻願**傷害的50%。"
	},
	"passive2": {
		"name": "「託付於命運吧！」",
		"info": "莫娜的水元素傷害加成獲得額外提升，提升程度相當於她的元素充能效率的20%。"
	},