{
	"name": "凝光",
	"combat1": {
		"name": "普通攻擊·千金擲",
		"info": "**普通攻擊**\n發射寶石，造成岩元素傷害。\n命中時，賦予凝光一枚星璇。\n\n**重擊**\n消耗體力，發射一顆巨型寶石，造成岩元素傷害。\n若凝光擁有星璇，施放重擊時會將所有星璇一同發射，造成額外的傷害。\n\n**下落攻擊**\n凝聚晶岩的力量，從空中下墜衝擊地面，攻擊下落路徑上的敵人，並在落地時造成岩元素範圍傷害。",
		"attributes": {
			"labels": [
				"普通攻擊傷害|{param1:F1P}",
				"重擊傷害|{param2:P}",
				"星璿傷害|每個{param3:F1P}",
				"重擊體力消耗|{param4:F1}點",
				"下墜期間傷害|{param5:F1P}",
				"低空/高空墜地衝擊傷害|{param6:P}/{param7:P}"
			],
			"parameters": {
				"param1": [
					0.2800000011920929,
					0.3009999990463257,
					0.32199999690055847,
					0.3499999940395355,
					0.3709999918937683,
					0.3919999897480011,
					0.41999998688697815,
					0.4480000138282776,
					0.47600001096725464,
					0.5040000081062317,
					0.5331199765205383,
					0.5712000131607056,
					0.609279990196228,
					0.6473600268363953,
					0.6854400038719177
				],
				"param2": [
					1.7408000230789185,
					1.871359944343567,
					2.001919984817505,
					2.1760001182556152,
					2.3065600395202637,
					2.437119960784912,
					2.6112000942230225,
					2.7852799892425537,
					2.959359884262085,
					3.1334400177001953,
					3.3144829273223877,
					3.551232099533081,
					3.7879810333251953,
					4.024730205535889,
					4.261477947235107
				],
				"param3": [
					0.4959999918937683,
					0.5332000255584717,
					0.5703999996185303,
					0.6200000047683716,
					0.6571999788284302,
					0.6944000124931335,
					0.7440000176429749,
					0.7936000227928162,
					0.8432000279426575,
					0.892799973487854,
					0.944383978843689,
					1.0118399858474731,
					1.0792959928512573,
					1.1467519998550415,
					1.2142080068588257
				],
				"param4": [
					50,
					50,
					50,
					50,
					50,
					50,
					50,
					50,
					50,
					50,
					50,
					50,
					50,
					50,
					50
				],
				"param5": [
					0.5682880282402039,
					0.6145439743995667,
					0.6607999801635742,
					0.7268800139427185,
					0.7731360197067261,
					0.8259999752044678,
					0.898688018321991,
					0.9713760018348694,
					1.0440640449523926,
					1.12336003780365,
					1.2026560306549072,
					1.2819520235061646,
					1.3612480163574219,
					1.4405440092086792,
					1.5198400020599365
				],
				"param6": [
					1.136335015296936,
					1.228827953338623,
					1.3213200569152832,
					1.4534519910812378,
					1.5459439754486084,
					1.6516499519348145,
					1.7969950437545776,
					1.9423400163650513,
					2.087686061859131,
					2.246243953704834,
					2.404802083969116,
					2.5633609294891357,
					2.721919059753418,
					2.8804779052734375,
					3.0390360355377197
				],
				"param7": [
					1.4193439483642578,
					1.534872055053711,
					1.6504000425338745,
					1.815440058708191,
					1.9309680461883545,
					2.062999963760376,
					2.24454402923584,
					2.4260880947113037,
					2.6076319217681885,
					2.8056800365448,
					3.003727912902832,
					3.2017760276794434,
					3.3998239040374756,
					3.597872018814087,
					3.795919895172119
				]
			}
		}
	},
	"combat2": {
		"name": "璇璣屏",
		"info": "借由黃金、黑曜岩與強者的餘裕，構建出堅固的璇璣屏，並造成岩元素範圍傷害。\n\n**璇璣屏**\n·阻擋敵人發射的投射物；\n·耐久度按比例繼承凝光的生命值上限。\n\n璇璣屏被視為岩元素創造物，可以阻擋部分攻擊，不可攀爬。同時只能存在一個。",
		"description": "星羅棋佈，璇璣合屏。",
		"attributes": {
			"labels": [
				"繼承生命|{param3:F1P}",
				"技能傷害|{param2:P}",
				"冷卻時間|{param4:F1}秒"
			],
			"parameters": {
				"param1": [
					-0.49900001287460327,
					-0.4690000116825104,
					-0.4390000104904175,
					-0.4000000059604645,
					-0.3700000047683716,
					-0.3400000035762787,
					-0.3009999990463257,
					-0.2619999945163727,
					-0.22300000488758087,
					-0.18400000035762787,
					-0.14499999582767487,
					-0.10599999874830246,
					-0.06700000166893005,
					-0.02800000086426735,
					0.010999999940395355
				],
				"param2": [
					2.303999900817871,
					2.476799964904785,
					2.649600028991699,
					2.880000114440918,
					3.052799940109253,
					3.225600004196167,
					3.4560000896453857,
					3.6863999366760254,
					3.916800022125244,
					4.147200107574463,
					4.377600193023682,
					4.607999801635742,
					4.895999908447266,
					5.184000015258789,
					5.4720001220703125
				],
				"param3": [
					0.5009999871253967,
					0.531000018119812,
					0.5609999895095825,
					0.6000000238418579,
					0.6299999952316284,
					0.6600000262260437,
					0.6990000009536743,
					0.7379999756813049,
					0.7770000100135803,
					0.8159999847412109,
					0.8550000190734863,
					0.8939999938011169,
					0.9330000281333923,
					0.972000002861023,
					1.0110000371932983
				],
				"param4": [
					12,
					12,
					12,
					12,
					12,
					12,
					12,
					12,
					12,
					12,
					12,
					12,
					12,
					12,
					12
				]
			}
		}
	},
	"combat3": {
		"name": "天權崩玉",
		"info": "凝光在身邊凝聚諸多寶石，散之一瞬，自動索敵打擊附近的敵人，造成大量岩元素傷害。\n施放天權崩玉時，如果附近有璇璣屏存在，璇璣屏將發射額外的寶石飛彈協同攻擊。",
		"description": "星散玉崩，盡滅群醜。",
		"attributes": {
			"labels": [
				"寶石傷害|每個{param1:F1P}",
				"冷卻時間|{param2:F1}秒",
				"元素能量|{param3:I}"
			],
			"parameters": {
				"param1": [
					0.8695999979972839,
					0.9348199963569641,
					1.000040054321289,
					1.0870000123977661,
					1.1522200107574463,
					1.2174400091171265,
					1.3043999671936035,
					1.3913600444793701,
					1.4783200025558472,
					1.5652799606323242,
					1.6522400379180908,
					1.7391999959945679,
					1.8479000329971313,
					1.9565999507904053,
					2.0652999877929688
				],
				"param2": [
					12,
					12,
					12,
					12,
					12,
					12,
					12,
					12,
					12,
					12,
					12,
					12,
					12,
					12,
					12
				],
				"param3": [
					40,
					40,
					40,
					40,
					40,
					40,
					40,
					40,
					40,
					40,
					40,
					40,
					40,
					40,
					40
				]
			}
		}
	},
	"passive1": {
		"name": "星移勢轉",
		"info": "擁有星璇時，凝光的重擊不會消耗體力。"
	},
	"passive2": {
		"name": "儲之千日，用之一刻",
		"info": "穿過**璇璣屏**的角色會獲得12%岩元素傷害加成，持續10秒。"
	},
	"passive3": {
		"name": "奇石珠寶錄",
		"info": "在小地圖上顯示週圍的**礦脈**（鐵礦、白鐵礦、水晶礦、魔晶礦、星銀礦）的位置。"
	}
}