{
	"name": "蘿莎莉亞",
	"combat1": {
		"name": "普通攻擊·教會槍術",
		"info": "**普通攻擊**\n進行至多五段的連續槍擊。\n\n**重擊**\n消耗一定體力，向前方突進，對路徑上的敵人造成傷害。\n\n**下落攻擊**\n從空中下墜衝擊地面，攻擊下落路徑上的敵人，並在落地時造成範圍傷害。",
		"attributes": {
			"labels": [
				"一段傷害|{param1:F1P}",
				"二段傷害|{param2:F1P}",
				"三段傷害|{param3:F1P}*2",
				"四段傷害|{param4:F1P}",
				"五段傷害|{param5:F1P}+{param6:F1P}",
				"重擊傷害|{param7:P}",
				"重擊體力消耗|{param8:F1}點",
				"下墜期間傷害|{param9:F1P}",
				"低空/高空墜地衝擊傷害|{param10:P}/{param11:P}"
			],
			"parameters": {
				"param1": [
					0.5246000289916992,
					0.567300021648407,
					0.6100000143051147,
					0.6710000038146973,
					0.713699996471405,
					0.762499988079071,
					0.8295999765396118,
					0.8967000246047974,
					0.9638000130653381,
					1.0369999408721924,
					1.110200047492981,
					1.18340003490448,
					1.256600022315979,
					1.329800009727478,
					1.402999997138977
				],
				"param2": [
					0.515999972820282,
					0.5580000281333923,
					0.6000000238418579,
					0.6600000262260437,
					0.7020000219345093,
					0.75,
					0.8159999847412109,
					0.8820000290870667,
					0.9480000138282776,
					1.0199999809265137,
					1.0920000076293945,
					1.1640000343322754,
					1.2359999418258667,
					1.3079999685287476,
					1.3799999952316284
				],
				"param3": [
					0.3181999921798706,
					0.3440999984741211,
					0.3700000047683716,
					0.40700000524520874,
					0.43290001153945923,
					0.4625000059604645,
					0.5031999945640564,
					0.5439000129699707,
					0.5845999717712402,
					0.6290000081062317,
					0.6733999848365784,
					0.7178000211715698,
					0.7621999979019165,
					0.8065999746322632,
					0.8510000109672546
				],
				"param4": [
					0.6966000199317932,
					0.7533000111579895,
					0.8100000023841858,
					0.890999972820282,
					0.947700023651123,
					1.0125000476837158,
					1.1016000509262085,
					1.1907000541687012,
					1.2798000574111938,
					1.3769999742507935,
					1.4742000102996826,
					1.5714000463485718,
					1.6685999631881714,
					1.7657999992370605,
					1.8630000352859497
				],
				"param5": [
					0.41624000668525696,
					0.4501200020313263,
					0.48399999737739563,
					0.5324000120162964,
					0.5662800073623657,
					0.6050000190734863,
					0.658240020275116,
					0.7114800214767456,
					0.7647200226783752,
					0.8227999806404114,
					0.8808799982070923,
					0.9389600157737732,
					0.9970399737358093,
					1.0551199913024902,
					1.1131999492645264
				],
				"param6": [
					0.4300000071525574,
					0.4650000035762787,
					0.5,
					0.550000011920929,
					0.5849999785423279,
					0.625,
					0.6800000071525574,
					0.7350000143051147,
					0.7900000214576721,
					0.8500000238418579,
					0.9100000262260437,
					0.9700000286102295,
					1.0299999713897705,
					1.090000033378601,
					1.149999976158142
				],
				"param7": [
					1.367400050163269,
					1.478700041770935,
					1.590000033378601,
					1.7489999532699585,
					1.8602999448776245,
					1.9874999523162842,
					2.162400007247925,
					2.3373000621795654,
					2.512200117111206,
					2.703000068664551,
					2.8938000202178955,
					3.0845999717712402,
					3.275399923324585,
					3.466200113296509,
					3.6570000648498535
				],
				"param8": [
					25,
					25,
					25,
					25,
					25,
					25,
					25,
					25,
					25,
					25,
					25,
					25,
					25,
					25,
					25
				],
				"param9": [
					0.6393240094184875,
					0.6913620233535767,
					0.743399977684021,
					0.8177400231361389,
					0.8697779774665833,
					0.9292500019073486,
					1.011023998260498,
					1.0927979946136475,
					1.1745719909667969,
					1.2637799978256226,
					1.3529880046844482,
					1.442196011543274,
					1.5314040184020996,
					1.6206120252609253,
					1.709820032119751
				],
				"param10": [
					1.2783770561218262,
					1.3824310302734375,
					1.4864850044250488,
					1.635133981704712,
					1.7391870021820068,
					1.858106017112732,
					2.021620035171509,
					2.1851329803466797,
					2.3486459255218506,
					2.527024984359741,
					2.7054030895233154,
					2.8837809562683105,
					3.0621590614318848,
					3.24053692817688,
					3.418915033340454
				],
				"param11": [
					1.59676194190979,
					1.7267309427261353,
					1.8566999435424805,
					2.042370080947876,
					2.1723389625549316,
					2.3208749294281006,
					2.5251119136810303,
					2.72934889793396,
					2.9335858821868896,
					3.1563899517059326,
					3.3791940212249756,
					3.6019980907440186,
					3.8248019218444824,
					4.047605991363525,
					4.270410060882568
				]
			}
		}
	},
	"combat2": {
		"name": "噬罪的告解",
		"info": "蘿莎莉亞快速移動至目標敵人身後，以長槍穿刺與揮砍，造成冰元素傷害。\n無法藉由施放時的快速移動，轉移至體型較大的敵人身後。",
		"description": "對著修女蘿莎莉亞告解並不能得到赦罪。相反，罪孽越深，降罰的冰寒就越是刺骨。",
		"attributes": {
			"labels": [
				"技能傷害|{param1:P}+{param2:P}",
				"冷卻時間|{param3:F1}秒"
			],
			"parameters": {
				"param1": [
					0.5839999914169312,
					0.6277999877929688,
					0.6715999841690063,
					0.7300000190734863,
					0.7738000154495239,
					0.8176000118255615,
					0.8759999871253967,
					0.9344000220298767,
					0.9927999973297119,
					1.051200032234192,
					1.1095999479293823,
					1.1679999828338623,
					1.2410000562667847,
					1.3140000104904175,
					1.3869999647140503
				],
				"param2": [
					1.3600000143051147,
					1.4620000123977661,
					1.5640000104904175,
					1.7000000476837158,
					1.8020000457763672,
					1.9040000438690186,
					2.0399999618530273,
					2.1760001182556152,
					2.312000036239624,
					2.447999954223633,
					2.5840001106262207,
					2.7200000286102295,
					2.890000104904175,
					3.059999942779541,
					3.2300000190734863
				],
				"param3": [
					6,
					6,
					6,
					6,
					6,
					6,
					6,
					6,
					6,
					6,
					6,
					6,
					6,
					6,
					6
				]
			}
		}
	},
	"combat3": {
		"name": "終命的聖禮",
		"info": "這是蘿莎莉亞專屬的領禱儀式。揮舞武器掃擊身邊的敵人後，凝聚極寒的冰槍擊向地面，分別造成冰元素傷害。\n冰槍在存在期間內，會間歇性釋放寒氣，對附近的敵人造成冰元素傷害。",
		"description": "審判這件事很麻煩，所以越過審判直接執行臨終祈禮吧。蘿莎莉亞本就不信奉風神，這件事因此格外輕鬆。",
		"attributes": {
			"labels": [
				"技能傷害|{param1:P}+{param2:P}",
				"冰槍持續傷害|{param3:P}",
				"持續時間|{param4:F1}秒",
				"冷卻時間|{param5:F1}秒",
				"元素能量|{param6:I}"
			],
			"parameters": {
				"param1": [
					1.0399999618530273,
					1.1180000305175781,
					1.1959999799728394,
					1.2999999523162842,
					1.378000020980835,
					1.4559999704360962,
					1.559999942779541,
					1.6640000343322754,
					1.7680000066757202,
					1.871999979019165,
					1.9759999513626099,
					2.0799999237060547,
					2.2100000381469727,
					2.3399999141693115,
					2.4700000286102295
				],
				"param2": [
					1.5199999809265137,
					1.6339999437332153,
					1.7480000257492065,
					1.899999976158142,
					2.0139999389648438,
					2.128000020980835,
					2.2799999713897705,
					2.431999921798706,
					2.5840001106262207,
					2.7360000610351562,
					2.888000011444092,
					3.0399999618530273,
					3.2300000190734863,
					3.4200000762939453,
					3.609999895095825
				],
				"param3": [
					1.3200000524520874,
					1.4190000295639038,
					1.5180000066757202,
					1.649999976158142,
					1.7489999532699585,
					1.8480000495910645,
					1.9800000190734863,
					2.111999988555908,
					2.24399995803833,
					2.375999927520752,
					2.507999897003174,
					2.640000104904175,
					2.805000066757202,
					2.9700000286102295,
					3.134999990463257
				],
				"param4": [
					8,
					8,
					8,
					8,
					8,
					8,
					8,
					8,
					8,
					8,
					8,
					8,
					8,
					8,
					8
				],
				"param5": [
					15,
					15,
					15,
					15,
					15,
					15,
					15,
					15,
					15,
					15,
					15,
					15,
					15,
					15,
					15
				],
				"param6": [
					60,
					60,
					60,
					60,
					60,
					60,
					60,
					60,
					60,
					60,
					60,
					60,
					60,
					60,
					60
				]
			}
		}
	},
	"passive1": {
		"name": "聆聽懺悔的幽影",
		"info": "**噬罪的告解**從技能目標的背後攻擊時，蘿莎莉亞的暴擊率提升12%，持續5秒。"
	},
	"passive2": {
		"name": "暗中支援的黯色",