{
	"name": "砂糖",
	"combat1": {
		"name": "普通攻擊·簡式風靈作成",
		"info": "**普通攻擊**\n進行至多四段的風靈攻擊，造成風元素傷害。\n\n**重擊**\n消耗一定體力，短暫詠唱後，造成風元素範圍傷害。\n\n**下落攻擊**\n凝聚風靈的力量，從空中下墜衝擊地面，攻擊下落路徑上的敵人，並在落地時造成風元素範圍傷害。",
		"attributes": {
			"labels": [
				"一段傷害|{param1:F1P}",
				"二段傷害|{param2:F1P}",
				"三段傷害|{param3:F1P}",
				"四段傷害|{param4:F1P}",
				"重擊傷害|{param5:P}",
				"重擊體力消耗|{param6:F1}點",
				"下墜期間傷害|{param7:F1P}",
				"低空/高空墜地衝擊傷害|{param8:P}/{param9:P}"
			],
			"parameters": {
				"param1": [
					0.3346399962902069,
					0.35973799228668213,
					0.38483598828315735,
					0.41830000281333923,
					0.44339799880981445,
					0.4684959948062897,
					0.5019599795341492,
					0.535423994064331,
					0.5688880085945129,
					0.6023520231246948,
					0.6358159780502319,
					0.6692799925804138,
					0.71110999584198,
					0.7529399991035461,
					0.7947700023651123
				],
				"param2": [
					0.30616000294685364,
					0.32912200689315796,
					0.3520840108394623,
					0.38269999623298645,
					0.40566200017929077,
					0.4286240041255951,
					0.45923998951911926,
					0.4898560047149658,
					0.52047199010849,
					0.5510879755020142,
					0.5817040205001831,
					0.6123200058937073,
					0.6505900025367737,
					0.6888599991798401,
					0.7271299958229065
				],
				"param3": [
					0.38447999954223633,
					0.413316011428833,
					0.4421519935131073,
					0.4805999994277954,
					0.5094360113143921,
					0.5382720232009888,
					0.5767199993133545,
					0.6151679754257202,
					0.6536160111427307,
					0.6920639872550964,
					0.7305120229721069,
					0.7689599990844727,
					0.8170199990272522,
					0.8650799989700317,
					0.9131399989128113
				],
				"param4": [
					0.47917601466178894,
					0.5151140093803406,
					0.5510519742965698,
					0.5989699959754944,
					0.6349080204963684,
					0.6708459854125977,
					0.7187640070915222,
					0.7666820287704468,
					0.8145989775657654,
					0.8625169992446899,
					0.9104340076446533,
					0.9583520293235779,
					1.0182490348815918,
					1.078145980834961,
					1.1380430459976196
				],
				"param5": [
					1.2015999555587769,
					1.2917200326919556,
					1.3818399906158447,
					1.5019999742507935,
					1.5921200513839722,
					1.6822400093078613,
					1.80239999294281,
					1.9225599765777588,
					2.042720079421997,
					2.1628799438476562,
					2.2830400466918945,
					2.4031999111175537,
					2.5534000396728516,
					2.7035999298095703,
					2.853800058364868
				],
				"param6": [
					50,
					50,
					50,
					50,
					50,
					50,
					50,
					50,
					50,
					50,
					50,
					50,
					50,
					50,
					50
				],
				"param7": [
					0.5682880282402039,
					0.6145439743995667,
					0.6607999801635742,
					0.7268800139427185,
					0.7731360197067261,
					0.8259999752044678,
					0.898688018321991,
					0.9713760018348694,
					1.0440640449523926,
					1.12336003780365,
					1.2026560306549072,
					1.2819520235061646,
					1.3612480163574219,
					1.4405440092086792,
					1.5198400020599365
				],
				"param8": [
					1.136335015296936,
					1.228827953338623,
					1.3213200569152832,
					1.4534519910812378,
					1.5459439754486084,
					1.6516499519348145,
					1.7969950437545776,
					1.9423400163650513,
					2.087686061859131,
					2.246243953704834,
					2.404802083969116,
					2.5633609294891357,
					2.721919059753418,
					2.8804779052734375,
					3.0390360355377197
				],
				"param9": [
					1.4193439483642578,
					1.534872055053711,
					1.6504000425338745,
					1.815440058708191,
					1.9309680461883545,
					2.062999963760376,
					2.24454402923584,
					2.4260880947113037,
					2.6076319217681885,
					2.8056800365448,
					3.003727912902832,
					3.2017760276794434,
					3.3998239040374756,
					3.597872018814087,
					3.795919895172119
				]
			}
		}
	},
	"combat2": {
		"name": "風靈作成·陸參零捌",
		"info": "召喚出小型風靈，將敵人與物體牽引至風靈所在位置，擊飛範圍內的敵人，並造成風元素傷害。",
		"description": "說來很不好意思，雖然術式裡誕生的元素生命迅速就消散了，但是在冒險裡真的很好用。失敗的實驗也會誕生實用技術。",
		"attributes": {
			"labels": [
				"技能傷害|{param1:P}",
				"冷卻時間|{param2:F1}秒"
			],
			"parameters": {
				"param1": [
					2.111999988555908,
					2.270400047302246,
					2.428800106048584,
					2.640000104904175,
					2.7983999252319336,
					2.9567999839782715,
					3.1679999828338623,
					3.379199981689453,
					3.590399980545044,
					3.8015999794006348,
					4.012800216674805,
					4.223999977111816,
					4.48799991607666,
					4.751999855041504,
					5.015999794006348
				],
				"param2": [
					15,
					15,
					15,
					15,
					15,
					15,
					15,
					15,
					15,
					15,
					15,
					15,
					15,
					15,
					15
				]
			}
		}
	},
	"combat3": {
		"name": "禁·風靈作成·柒伍同構貳型",
		"info": "砂糖拋出不穩定的燒瓶，生成大型風靈。\n存在期間，大型風靈會持續牽引附近的敵人與物體，擊飛附近的敵人，並造成風元素傷害。\n\n**元素轉化**\n若風靈在技能持續期間接觸了水元素/火元素/冰元素/雷元素，則會獲得對應元素屬性，額外造成該元素的附加傷害。\n元素轉化在技能持續期間僅會發生一次。",
		"description": "砂糖也曾經想給每一個不穩態無相之風取名字。但是其世系迅速超過了兔兔伯爵的八百九十三世。",
		"attributes": {
			"labels": [
				"持續傷害|{param1:P}",
				"附加元素傷害|{param2:F1P}",
				"持續時間|{param3:F1}秒",
				"冷卻時間|{param4:F1}秒",
				"元素能量|{param5:I}"
			],
			"parameters": {
				"param1": [
					1.4800000190734863,
					1.590999960899353,
					1.7020000219345093,
					1.850000023841858,
					1.9609999656677246,
					2.072000026702881,
					2.2200000286102295,
					2.368000030517578,
					2.5160000324249268,
					2.6640000343322754,
					2.812000036239624,
					2.9600000381469727,
					3.1449999809265137,
					3.3299999237060547,
					3.515000104904175
				],
				"param2": [
					0.4399999976158142,
					0.4729999899864197,
					0.5059999823570251,
					0.550000011920929,
					0.5830000042915344,
					0.6159999966621399,
					0.6600000262260437,
					0.7039999961853027,
					0.7480000257492065,
					0.7919999957084656,
					0.8360000252723694,
					0.8799999952316284,
					0.9350000023841858,
					0.9900000095367432,
					1.0449999570846558
				],
				"param3": [
					6,
					6,
					6,
					6,
					6,
					6,
					6,
					6,
					6,
					6,
					6,
					6,
					6,
					6,
					6
				],
				"param4": [
					20,
					20,
					20,
					20,
					20,
					20,
					20,
					20,
					20,
					20,
					20,
					20,
					20,
					20,
					20
				],
				"param5": [
					80,
					80,
					80,
					80,
					80,
					80,
					80,
					80,
					80,
					80,
					80,
					80,
					80,
					80,
					80
				]
			}
		}
	},
	"passive1": {
		"name": "觸媒置換術",
		"info": "砂糖觸發擴散反應時，使隊伍中所有對應元素類型的（不包括砂糖自身）角色元素精通提升50，持續8秒。"
	},
	"passive2": {
		"name": "小小的慧風",
		"info": "**風靈作成·陸參零捌**或**禁·風靈作成·柒伍同構貳型**命中敵人時，基於砂糖元素精通的20%，為隊伍中所有角色（不包括砂糖自身）提供元素精通加成，持續8秒。"
	},
	"passive3": {
		"name": "不穩定發現",
		"info": "合成角色與武器培養素材時，有10%的機率獲得兩倍產出。"
	}
}