{
	"name": "旅行者 (風元素)",
	"combat1": {
		"name": "普通攻擊·異邦鐵風",
		"info": "**普通攻擊**\n進行至多五段的連續劍擊。\n\n**重擊**\n消耗一定體力，瞬間向前方揮出兩劍。\n\n**下落攻擊**\n從空中下墜衝擊地面，攻擊下落路徑上的敵人，並在落地時造成範圍傷害。",
		"attributes": {
			"labels": [
				"一段傷害|{param1:F1P}",
				"二段傷害|{param2:F1P}",
				"三段傷害|{param3:F1P}",
				"四段傷害|{param4:F1P}",
				"五段傷害|{param5:F1P}",
				"重擊傷害|{param6:F1P}+{param7:F1P}",
				"重擊體力消耗|{param8:F1}點",
				"下墜期間傷害|{param9:F1P}",
				"低空/高空墜地衝擊傷害|{param10:P}/{param11:P}"
			],
			"parameters": {
				"param1": [
					0.4446200132369995,
					0.4808099865913391,
					0.5170000195503235,
					0.5687000155448914,
					0.604889988899231,
					0.6462500095367432,
					0.7031199932098389,
					0.7599899768829346,
					0.816860020160675,
					0.8788999915122986,
					0.9409400224685669,
					1.0029799938201904,
					1.065019965171814,
					1.127060055732727,
					1.1891000270843506
				],
				"param2": [
					0.4343000054359436,
					0.469650000333786,
					0.5049999952316284,
					0.5554999709129333,
					0.5908499956130981,
					0.6312500238418579,
					0.6868000030517578,
					0.7423499822616577,
					0.7979000210762024,
					0.8585000038146973,
					0.9190999865531921,
					0.9797000288963318,
					1.0403000116348267,
					1.1009000539779663,
					1.1614999771118164
				],
				"param3": [
					0.5297600030899048,
					0.5728800296783447,
					0.6159999966621399,
					0.6776000261306763,
					0.7207199931144714,
					0.7699999809265137,
					0.8377599716186523,
					0.9055200219154358,
					0.9732800126075745,
					1.0471999645233154,
					1.1211199760437012,
					1.195039987564087,
					1.2689599990844727,
					1.3428800106048584,
					1.4168000221252441
				],
				"param4": [
					0.583079993724823,
					0.6305400133132935,
					0.6779999732971191,
					0.7458000183105469,
					0.7932599782943726,
					0.8475000262260437,
					0.9220799803733826,
					0.9966599941253662,
					1.071239948272705,
					1.1526000499725342,
					1.2339600324630737,
					1.3153200149536133,
					1.3966799974441528,
					1.4780399799346924,
					1.559399962425232
				],
				"param5": [
					0.7077800035476685,
					0.7653899788856506,
					0.8230000138282776,
					0.9053000211715698,
					0.962909996509552,
					1.028749942779541,
					1.1192799806594849,
					1.2098100185394287,
					1.3003400564193726,
					1.3990999460220337,
					1.4978599548339844,
					1.596619963645935,
					1.6953799724578857,
					1.7941399812698364,
					1.892899990081787
				],
				"param6": [
					0.5590000152587891,
					0.6044999957084656,
					0.6499999761581421,
					0.7149999737739563,
					0.7605000138282776,
					0.8125,
					0.8840000033378601,
					0.9555000066757202,
					1.0269999504089355,
					1.1050000190734863,
					1.1829999685287476,
					1.2610000371932983,
					1.3389999866485596,
					1.4170000553131104,
					1.4950000047683716
				],
				"param7": [
					0.7224000096321106,
					0.7811999917030334,
					0.8399999737739563,
					0.9240000247955322,
					0.9828000068664551,
					1.0499999523162842,
					1.1424000263214111,
					1.2347999811172485,
					1.3272000551223755,
					1.4279999732971191,
					1.5288000106811523,
					1.6296000480651855,
					1.7303999662399292,
					1.8312000036239624,
					1.9320000410079956
				],
				"param8": [
					20,
					20,
					20,
					20,
					20,
					20,
					20,
					20,
					20,
					20,
					20,
					20,
					20,
					20,
					20
				],
				"param9": [
					0.6393240094184875,
					0.6913620233535767,
					0.743399977684021,
					0.8177400231361389,
					0.8697779774665833,
					0.9292500019073486,
					1.011023998260498,
					1.0927979946136475,
					1.1745719909667969,
					1.2637799978256226,
					1.3529880046844482,
					1.442196011543274,
					1.5314040184020996,
					1.6206120252609253,
					1.709820032119751
				],
				"param10": [
					1.2783770561218262,
					1.3824310302734375,
					1.4864850044250488,
					1.635133981704712,
					1.7391870021820068,
					1.858106017112732,
					2.021620035171509,
					2.1851329803466797,
					2.3486459255218506,
					2.527024984359741,
					2.7054030895233154,
					2.8837809562683105,
					3.0621590614318848,
					3.24053692817688,
					3.418915033340454
				],
				"param11": [
					1.59676194190979,
					1.7267309427261353,
					1.8566999435424805,
					2.042370080947876,
					2.1723389625549316,
					2.3208749294281006,
					2.5251119136810303,
					2.72934889793396,
					2.9335858821868896,
					3.1563899517059326,
					3.3791940212249756,
					3.6019980907440186,
					3.8248019218444824,
					4.047605991363525,
					4.270410060882568
				]
			}
		}
	},
	"combat2": {
		"name": "風渦劍",
		"info": "緊握風的力量，在掌中匯聚真空渦流，對前方的敵人持續造成風元素傷害。\n技能結束時真空渦流會炸裂，造成範圍更大、威力更強的風元素傷害。\n\n**長按**\n傷害與影響範圍會逐漸提升。\n\n**元素轉化**\n若真空渦流在技能持續期間接觸了水元素/火元素/冰元素/雷元素，則會獲得對應元素屬性，額外造成該元素的附加傷害。\n元素轉化在技能持續期間僅會發生一次。",
		"description": "和派蒙討論過如何握住無形的風。",
		"attributes": {
			"labels": [
				"初始切割傷害|{param1:F1P}",
				"最大切割傷害|{param2:F1P}",
				"初始爆風傷害|{param3:P}",
				"最大爆風傷害|{param4:P}",
				"基礎冷卻時間|{param5:F1}秒",
				"最大蓄力冷卻時間|{param6:F1}秒"
			],
			"parameters": {
				"param1": [
					0.11999999731779099,
					0.1289999932050705,
					0.1379999965429306,
					0.15000000596046448,
					0.1589999943971634,
					0.1679999977350235,
					0.18000000715255737,
					0.19200000166893005,
					0.20399999618530273,
					0.2160000056028366,
					0.2280000001192093,
					0.23999999463558197,
					0.2549999952316284,
					0.27000001072883606,
					0.2849999964237213
				],
				"param2": [
					0.1679999977350235,
					0.18060000240802765,
					0.1932000070810318,
					0.20999999344348907,
					0.22259999811649323,
					0.23520000278949738,
					0.25200000405311584,
					0.2687999904155731,
					0.2856000065803528,
					0.30239999294281006,
					0.3192000091075897,
					0.335999995470047,
					0.3569999933242798,
					0.3779999911785126,
					0.39899998903274536
				],
				"param3": [
					1.7599999904632568,
					1.8919999599456787,
					2.0239999294281006,
					2.200000047683716,
					2.3320000171661377,
					2.4639999866485596,
					2.640000104904175,
					2.815999984741211,
					2.992000102996826,
					3.1679999828338623,
					3.3440001010894775,
					3.5199999809265137,
					3.740000009536743,
					3.9600000381469727,
					4.179999828338623
				],
				"param4": [
					1.9199999570846558,
					2.063999891281128,
					2.2079999446868896,
					2.4000000953674316,
					2.5439999103546143,
					2.687999963760376,
					2.880000114440918,
					3.072000026702881,
					3.2639999389648438,
					3.4560000896453857,
					3.6480000019073486,
					3.8399999141693115,
					4.079999923706055,
					4.320000171661377,
					4.559999942779541
				],
				"param5": [
					5,
					5,
					5,
					5,
					5,
					5,
					5,
					5,
					5,
					5,
					5,
					5,
					5,
					5,
					5
				],
				"param6": [
					8,
					8,
					8,
					8,
					8,
					8,
					8,
					8,
					8,
					8,
					8,
					8,
					8,
					8,
					8
				]
			}
		}
	},
	"combat3": {
		"name": "風息激盪",
		"info": "導引風行進的路途，喚出持續前進的龍捲風，將沿途的物體與敵人捲入，持續造成風元素傷害。\n\n**元素轉化**\n若龍捲風在技能持續期間接觸了水元素/火元素/冰元素/雷元素，則會獲得對應元素屬性，額外造成該元素附加傷害。\n這種轉化在技能持續期間僅會發生一次。",
		"description": "和派蒙一起研究過蝴蝶的振翅。",
		"attributes": {
			"labels": [
				"龍捲風傷害|{param1:F1P}",
				"附加元素傷害|{param2:F1P}",
				"持續時間|{param3:F1}秒",
				"冷卻時間|{param4:F1}秒",
				"元素能量|{param5:I}"
			],
			"parameters": {
				"param1": [
					0.8080000281333923,
					0.8686000108718872,
					0.9291999936103821,
					1.0099999904632568,
					1.0706000328063965,
					1.1311999559402466,
					1.2120000123977661,
					1.292799949645996,
					1.3736000061035156,
					1.4543999433517456,
					1.5351999998092651,
					1.6160000562667847,
					1.7170000076293945,
					1.8179999589920044,
					1.9190000295639038
				],