{
	"1": {
		"GROW_CURVE_HP_S4": 1,
		"GROW_CURVE_ATTACK_S4": 1,
		"GROW_CURVE_HP_S5": 1,
		"GROW_CURVE_ATTACK_S5": 1
	},
	"2": {
		"GROW_CURVE_HP_S4": 1.0829999446868896,
		"GROW_CURVE_ATTACK_S4": 1.0829999446868896,
		"GROW_CURVE_HP_S5": 1.0829999446868896,
		"GROW_CURVE_ATTACK_S5": 1.0829999446868896
	},
	"3": {
		"GROW_CURVE_HP_S4": 1.1649999618530273,
		"GROW_CURVE_ATTACK_S4": 1.1649999618530273,
		"GROW_CURVE_HP_S5": 1.1660000085830688,
		"GROW_CURVE_ATTACK_S5": 1.1660000085830688
	},
	"4": {
		"GROW_CURVE_HP_S4": 1.2480000257492065,
		"GROW_CURVE_ATTACK_S4": 1.2480000257492065,
		"GROW_CURVE_HP_S5": 1.25,
		"GROW_CURVE_ATTACK_S5": 1.25
	},
	"5": {
		"GROW_CURVE_HP_S4": 1.3300000429153442,
		"GROW_CURVE_ATTACK_S4": 1.3300000429153442,
		"GROW_CURVE_HP_S5": 1.3329999446868896,
		"GROW_CURVE_ATTACK_S5": 1.3329999446868896
	},
	"6": {
		"GROW_CURVE_HP_S4": 1.4129999876022339,
		"GROW_CURVE_ATTACK_S4": 1.4129999876022339,
		"GROW_CURVE_HP_S5": 1.4170000553131104,
		"GROW_CURVE_ATTACK_S5": 1.4170000553131104
	},
	"7": {
		"GROW_CURVE_HP_S4": 1.4950000047683716,
		"GROW_CURVE_ATTACK_S4": 1.4950000047683716,
		"GROW_CURVE_HP_S5": 1.5,
		"GROW_CURVE_ATTACK_S5": 1.5
	},
	"8": {
		"GROW_CURVE_HP_S4": 1.5779999494552612,
		"GROW_CURVE_ATTACK_S4": 1.5779999494552612,
		"GROW_CURVE_HP_S5": 1.5839999914169312,
		"GROW_CURVE_ATTACK_S5": 1.5839999914169312
	},
	"9": {
		"GROW_CURVE_HP_S4": 1.6610000133514404,
		"GROW_CURVE_ATTACK_S4": 1.6610000133514404,
		"GROW_CURVE_HP_S5": 1.6679999828338623,
		"GROW_CURVE_ATTACK_S5": 1.6679999828338623
	},
	"10": {
		"GROW_CURVE_HP_S4": 1.7430000305175781,
		"GROW_CURVE_ATTACK_S4": 1.7430000305175781,
		"GROW_CURVE_HP_S5": 1.7510000467300415,
		"GROW_CURVE_ATTACK_S5": 1.7510000467300415
	},
	"11": {
		"GROW_CURVE_HP_S4": 1.8259999752044678,
		"GROW_CURVE_ATTACK_S4": 1.8259999752044678,
		"GROW_CURVE_HP_S5": 1.8350000381469727,
		"GROW_CURVE_ATTACK_S5": 1.8350000381469727
	},
	"12": {
		"GROW_CURVE_HP_S4": 1.9079999923706055,
		"GROW_CURVE_ATTACK_S4": 1.9079999923706055,
		"GROW_CURVE_HP_S5": 1.9190000295639038,
		"GROW_CURVE_ATTACK_S5": 1.9190000295639038
	},
	"13": {
		"GROW_CURVE_HP_S4": 1.9910000562667847,
		"GROW_CURVE_ATTACK_S4": 1.9910000562667847,
		"GROW_CURVE_HP_S5": 2.003000020980835,
		"GROW_CURVE_ATTACK_S5": 2.003000020980835
	},
	"14": {
		"GROW_CURVE_HP_S4": 2.072999954223633,
		"GROW_CURVE_ATTACK_S4": 2.072999954223633,
		"GROW_CURVE_HP_S5": 2.0880000591278076,
		"GROW_CURVE_ATTACK_S5": 2.0880000591278076
	},
	"15": {
		"GROW_CURVE_HP_S4": 2.1559998989105225,
		"GROW_CURVE_ATTACK_S4": 2.1559998989105225,
		"GROW_CURVE_HP_S5": 2.171999931335449,
		"GROW_CURVE_ATTACK_S5": 2.171999931335449
	},
	"16": {
		"GROW_CURVE_HP_S4": 2.239000082015991,
		"GROW_CURVE_ATTACK_S4": 2.239000082015991,
		"GROW_CURVE_HP_S5": 2.25600004196167,
		"GROW_CURVE_ATTACK_S5": 2.25600004196167
	},
	"17": {
		"GROW_CURVE_HP_S4": 2.321000099182129,
		"GROW_CURVE_ATTACK_S4": 2.321000099182129,
		"GROW_CURVE_HP_S5": 2.3410000801086426,
		"GROW_CURVE_ATTACK_S5": 2.3410000801086426
	},
	"18": {
		"GROW_CURVE_HP_S4": 2.4040000438690186,
		"GROW_CURVE_ATTACK_S4": 2.4040000438690186,
		"GROW_CURVE_HP_S5": 2.424999952316284,
		"GROW_CURVE_ATTACK_S5": 2.424999952316284
	},
	"19": {
		"GROW_CURVE_HP_S4": 2.4860000610351562,
		"GROW_CURVE_ATTACK_S4": 2.4860000610351562,
		"GROW_CURVE_HP_S5": 2.509999990463257,
		"GROW_CURVE_ATTACK_S5": 2.509999990463257
	},
	"20": {
		"GROW_CURVE_HP_S4": 2.569000005722046,
		"GROW_CURVE_ATTACK_S4": 2.569000005722046,
		"GROW_CURVE_HP_S5": 2.5940001010894775,
		"GROW_CURVE_ATTACK_S5": 2.5940001010894775
	},
	"21": {
		"GROW_CURVE_HP_S4": 2.6510000228881836,
		"GROW_CURVE_ATTACK_S4": 2.6510000228881836,
		"GROW_CURVE_HP_S5": 2.678999900817871,
		"GROW_CURVE_ATTACK_S5": 2.678999900817871
	},
	"22": {
		"GROW_CURVE_HP_S4": 2.7339999675750732,
		"GROW_CURVE_ATTACK_S4": 2.7339999675750732,
		"GROW_CURVE_HP_S5": 2.7639999389648438,
		"GROW_CURVE_ATTACK_S5": 2.7639999389648438
	},
	"23": {
		"GROW_CURVE_HP_S4": 2.816999912261963,
		"GROW_CURVE_ATTACK_S4": 2.816999912261963,
		"GROW_CURVE_HP_S5": 2.8489999771118164,
		"GROW_CURVE_ATTACK_S5": 2.8489999771118164
	},
	"24": {
		"GROW_CURVE_HP_S4": 2.8989999294281006,
		"GROW_CURVE_ATTACK_S4": 2.8989999294281006,
		"GROW_CURVE_HP_S5": 2.934000015258789,
		"GROW_CURVE_ATTACK_S5": 2.934000015258789
	},
	"25": {
		"GROW_CURVE_HP_S4": 2.9820001125335693,
		"GROW_CURVE_ATTACK_S4": 2.9820001125335693,
		"GROW_CURVE_HP_S5": 3.0190000534057617,
		"GROW_CURVE_ATTACK_S5": 3.0190000534057617
	},
	"26": {
		"GROW_CURVE_HP_S4": 3.063999891281128,
		"GROW_CURVE_ATTACK_S4": 3.063999891281128,
		"GROW_CURVE_HP_S5": 3.1050000190734863,
		"GROW_CURVE_ATTACK_S5": 3.1050000190734863
	},
	"27": {
		"GROW_CURVE_HP_S4": 3.1470000743865967,
		"GROW_CURVE_ATTACK_S4": 3.1470000743865967,
		"GROW_CURVE_HP_S5": 3.190000057220459,
		"GROW_CURVE_ATTACK_S5": 3.190000057220459
	},
	"28": {
		"GROW_CURVE_HP_S4": 3.2290000915527344,
		"GROW_CURVE_ATTACK_S4": 3.2290000915527344,
		"GROW_CURVE_HP_S5": 3.2750000953674316,
		"GROW_CURVE_ATTACK_S5": 3.2750000953674316
	},
	"29": {
		"GROW_CURVE_HP_S4": 3.312000036239624,
		"GROW_CURVE_ATTACK_S4": 3.312000036239624,
		"GROW_CURVE_HP_S5": 3.3610000610351562,
		"GROW_CURVE_ATTACK_S5": 3.3610000610351562
	},
	"30": {
		"GROW_CURVE_HP_S4": 3.3940000534057617,
		"GROW_CURVE_ATTACK_S4": 3.3940000534057617,
		"GROW_CURVE_HP_S5": 3.446000099182129,
		"GROW_CURVE_ATTACK_S5": 3.446000099182129
	},
	"31": {
		"GROW_CURVE_HP_S4": 3.4769999980926514,
		"GROW_CURVE_ATTACK_S4": 3.4769999980926514,
		"GROW_CURVE_HP_S5": 3.5320000648498535,
		"GROW_CURVE_ATTACK_S5": 3.5320000648498535
	},
	"32": {
		"GROW_CURVE_HP_S4": 3.559999942779541,
		"GROW_CURVE_ATTACK_S4": 3.559999942779541,
		"GROW_CURVE_HP_S5": 3.618000030517578,
		"GROW_CURVE_ATTACK_S5": 3.618000030517578
	},
	"33": {
		"GROW_CURVE_HP_S4": 3.6419999599456787,
		"GROW_CURVE_ATTACK_S4": 3.6419999599456787,
		"GROW_CURVE_HP_S5": 3.7039999961853027,
		"GROW_CURVE_ATTACK_S5": 3.7039999961853027
	},
	"34": {
		"GROW_CURVE_HP_S4": 3.7249999046325684,
		"GROW_CURVE_ATTACK_S4": 3.7249999046325684,
		"GROW_CURVE_HP_S5": 3.7890000343322754,
		"GROW_CURVE_ATTACK_S5": 3.7890000343322754
	},
	"35": {
		"GROW_CURVE_HP_S4": 3.806999921798706,
		"GROW_CURVE_ATTACK_S4": 3.806999921798706,
		"GROW_CURVE_HP_S5": 3.875,
		"GROW_CURVE_ATTACK_S5": 3.875
	},
	"36": {
		"GROW_CURVE_HP_S4": 3.890000104904175,
		"GROW_CURVE_ATTACK_S4": 3.890000104904175,
		"GROW_CURVE_HP_S5": 3.9619998931884766,
		"GROW_CURVE_ATTACK_S5": 3.9619998931884766
	},
	"37": {
		"GROW_CURVE_HP_S4": 3.9719998836517334,
		"GROW_CURVE_ATTACK_S4": 3.9719998836517334,
		"GROW_CURVE_HP_S5": 4.047999858856201,
		"GROW_CURVE_ATTACK_S5": 4.047999858856201
	},
	"38": {
		"GROW_CURVE_HP_S4": 4.054999828338623,
		"GROW_CURVE_ATTACK_S4": 4.054999828338623,
		"GROW_CURVE_HP_S5": 4.133999824523926,
		"GROW_CURVE_ATTACK_S5": 4.133999824523926
	},
	"39": {
		"GROW_CURVE_HP_S4": 4.138000011444092,
		"GROW_CURVE_ATTACK_S4": 4.138000011444092,
		"GROW_CURVE_HP_S5": 4.21999979019165,
		"GROW_CURVE_ATTACK_S5": 4.21999979019165
	},
	"40": {
		"GROW_CURVE_HP_S4": 4.21999979019165,
		"GROW_CURVE_ATTACK_S4": 4.21999979019165,
		"GROW_CURVE_HP_S5": 4.307000160217285,
		"GROW_CURVE_ATTACK_S5": 4.307000160217285
	},
	"41": {
		"GROW_CURVE_HP_S4": 4.302999973297119,
		"GROW_CURVE_ATTACK_S4": 4.302999973297119,
		"GROW_CURVE_HP_S5": 4.39300012588501,
		"GROW_CURVE_ATTACK_S5": 4.39300012588501
	},
	"42": {
		"GROW_CURVE_HP_S4": 4.385000228881836,
		"GROW_CURVE_ATTACK_S4": 4.385000228881836,
		"GROW_CURVE_HP_S5": 4.480000019073486,
		"GROW_CURVE_ATTACK_S5": 4.480000019073486
	},
	"43": {
		"GROW_CURVE_HP_S4": 4.4679999351501465,
		"GROW_CURVE_ATTACK_S4": 4.4679999351501465,
		"GROW_CURVE_HP_S5": 4.566999912261963,
		"GROW_CURVE_ATTACK_S5": 4.566999912261963
	},
	"44": {
		"GROW_CURVE_HP_S4": 4.550000190734863,
		"GROW_CURVE_ATTACK_S4": 4.550000190734863,
		"GROW_CURVE_HP_S5": 4.6529998779296875,