{
	"name": "迪奥娜",
	"combat1": {
		"name": "普通攻击·猎人射术",
		"info": "**普通攻击**\n进行至多五段的连续弓箭射击。\n\n**重击**\n进行伤害更高、更为精准的**瞄准射击**。\n瞄准时，冰霜散发的寒气会凭附在箭矢上。聚满了寒气的箭矢会造成冰元素伤害。\n\n**下落攻击**\n从空中射出箭雨，并迅速下坠冲击地面，在落地时造成范围伤害。",
		"attributes": {
			"labels": [
				"一段伤害|{param1:F1P}",
				"二段伤害|{param2:F1P}",
				"三段伤害|{param3:F1P}",
				"四段伤害|{param4:F1P}",
				"五段伤害|{param5:F1P}",
				"瞄准射击|{param7:F1P}",
				"满蓄力瞄准射击|{param8:P}",
				"下坠期间伤害|{param9:F1P}",
				"低空/高空坠地冲击伤害|{param10:P}/{param11:P}"
			],
			"parameters": {
				"param1": [
					0.3612000048160553,
					0.3905999958515167,
					0.41999998688697815,
					0.4620000123977661,
					0.49140000343322754,
					0.5249999761581421,
					0.5712000131607056,
					0.6173999905586243,
					0.6636000275611877,
					0.7139999866485596,
					0.7717499732971191,
					0.8396639823913574,
					0.9075779914855957,
					0.975492000579834,
					1.0495799779891968
				],
				"param2": [
					0.3353999853134155,
					0.3626999855041504,
					0.38999998569488525,
					0.42899999022483826,
					0.4562999904155731,
					0.48750001192092896,
					0.5303999781608582,
					0.5733000040054321,
					0.6161999702453613,
					0.6629999876022339,
					0.7166249752044678,
					0.7796880006790161,
					0.8427510261535645,
					0.905813992023468,
					0.9746099710464478
				],
				"param3": [
					0.45579999685287476,
					0.492900013923645,
					0.5299999713897705,
					0.5830000042915344,
					0.6201000213623047,
					0.6625000238418579,
					0.72079998254776,
					0.7791000008583069,
					0.8374000191688538,
					0.9010000228881836,
					0.9738749861717224,
					1.0595760345458984,
					1.1452770233154297,
					1.230978012084961,
					1.324470043182373
				],
				"param4": [
					0.4300000071525574,
					0.4650000035762787,
					0.5,
					0.550000011920929,
					0.5849999785423279,
					0.625,
					0.6800000071525574,
					0.7350000143051147,
					0.7900000214576721,
					0.8500000238418579,
					0.918749988079071,
					0.9995999932289124,
					1.0804500579833984,
					1.1612999439239502,
					1.249500036239624
				],
				"param5": [
					0.5375000238418579,
					0.581250011920929,
					0.625,
					0.6875,
					0.731249988079071,
					0.78125,
					0.8500000238418579,
					0.918749988079071,
					0.987500011920929,
					1.0625,
					1.1484379768371582,
					1.249500036239624,
					1.3505619764328003,
					1.4516249895095825,
					1.5618749856948853
				],
				"param7": [
					0.43860000371932983,
					0.47429999709129333,
					0.5099999904632568,
					0.5609999895095825,
					0.5967000126838684,
					0.637499988079071,
					0.6935999989509583,
					0.7497000098228455,
					0.8058000206947327,
					0.8669999837875366,
					0.937125027179718,
					1.019592046737671,
					1.102059006690979,
					1.184525966644287,
					1.2744899988174438
				],
				"param8": [
					1.2400000095367432,
					1.3329999446868896,
					1.4259999990463257,
					1.5499999523162842,
					1.6430000066757202,
					1.7359999418258667,
					1.8600000143051147,
					1.9839999675750732,
					2.1080000400543213,
					2.2320001125335693,
					2.360960006713867,
					2.529599905014038,
					2.698240041732788,
					2.866879940032959,
					3.035520076751709
				],
				"param9": [
					0.5682880282402039,
					0.6145439743995667,
					0.6607999801635742,
					0.7268800139427185,
					0.7731360197067261,
					0.8259999752044678,
					0.898688018321991,
					0.9713760018348694,
					1.0440640449523926,
					1.12336003780365,
					1.2026560306549072,
					1.2819520235061646,
					1.3612480163574219,
					1.4405440092086792,
					1.5198400020599365
				],
				"param10": [
					1.136335015296936,
					1.228827953338623,
					1.3213200569152832,
					1.4534519910812378,
					1.5459439754486084,
					1.6516499519348145,
					1.7969950437545776,
					1.9423400163650513,
					2.087686061859131,
					2.246243953704834,
					2.404802083969116,
					2.5633609294891357,
					2.721919059753418,
					2.8804779052734375,
					3.0390360355377197
				],
				"param11": [
					1.4193439483642578,
					1.534872055053711,
					1.6504000425338745,
					1.815440058708191,
					1.9309680461883545,
					2.062999963760376,
					2.24454402923584,
					2.4260880947113037,
					2.6076319217681885,
					2.8056800365448,
					3.003727912902832,
					3.2017760276794434,
					3.3998239040374756,
					3.597872018814087,
					3.795919895172119
				]
			}
		}
	},
	"combat2": {
		"name": "猫爪冻冻",
		"info": "发射冻冻猫猫爪，对敌人造成冰元素伤害，并在命中时形成护盾。\n护盾的伤害吸收量受益于迪奥娜的生命值上限，持续时间基于命中的冻冻猫猫爪数目。\n\n**点按**\n快速发射二枚冻冻猫猫爪。\n\n**长按**\n迅速后撤，并发射五枚冻冻猫猫爪。\n通过长按产生的护盾获得75%伤害吸收量加成。\n\n护盾对冰元素伤害有250%的吸收效果，并会在形成时，为当前角色施加短暂的冰元素附着。",
		"description": "一开始，酒里加多少冰也伤害不了酒鬼。直到迪奥娜有了神之眼，然后就有了这些冻得人太阳穴疼的冰。好评！",
		"attributes": {
			"labels": [
				"猫爪伤害|每个{param1:F1P}",
				"护盾基础吸收量|{param2:F1P}最大生命值+{param3:I}",
				"持续时间|每个猫爪{param6:F1}秒",
				"点按冷却时间|{param4:F1}秒",
				"长按冷却时间|{param5:F1}秒"
			],
			"parameters": {
				"param1": [
					0.41920000314712524,
					0.4506399929523468,
					0.48208001255989075,
					0.5239999890327454,
					0.5554400086402893,
					0.5868800282478333,
					0.6287999749183655,
					0.6707199811935425,
					0.7126399874687195,
					0.7545599937438965,
					0.7964800000190735,
					0.8384000062942505,
					0.8907999992370605,
					0.9431999921798706,
					0.9955999851226807
				],
				"param2": [
					0.07199999690055847,
					0.07739999890327454,
					0.0828000009059906,
					0.09000000357627869,
					0.09539999812841415,
					0.10080000013113022,
					0.1080000028014183,
					0.1151999980211258,
					0.12240000069141388,
					0.12960000336170197,
					0.13680000603199005,
					0.14399999380111694,
					0.15299999713897705,
					0.16200000047683716,
					0.17100000381469727
				],
				"param3": [
					692.8065795898438,
					762.0968627929688,
					837.1613159179688,
					918,
					1004.6128540039062,
					1096.9998779296875,
					1195.1611328125,
					1299.0965576171875,
					1408.80615234375,
					1524.2900390625,
					1645.5479736328125,
					1772.5802001953125,
					1905.3865966796875,
					2043.9671630859375,
					2188.322021484375
				],
				"param4": [
					6,
					6,
					6,
					6,
					6,
					6,
					6,
					6,
					6,
					6,
					6,
					6,
					6,
					6,
					6
				],
				"param5": [
					15,
					15,
					15,
					15,
					15,
					15,
					15,
					15,
					15,
					15,
					15,
					15,
					15,
					15,
					15
				],
				"param6": [
					1.7999999523162842,
					1.899999976158142,
					2,
					2.0999999046325684,
					2.200000047683716,
					2.299999952316284,
					2.4000000953674316,
					2.4000000953674316,
					2.4000000953674316,
					2.4000000953674316,
					2.4000000953674316,
					2.4000000953674316,
					2.4000000953674316,
					2.4000000953674316,
					2.4000000953674316
				]
			}
		}
	},
	"combat3": {
		"name": "最烈特调",
		"info": "抛出特别调制的冰酿烈调，造成冰元素范围伤害，并产生冰气酒雾领域。\n\n**冰气酒雾领域**\n·对其中的敌人持续造成冰元素伤害；\n·为其中的角色持续恢复生命值。",
		"description": "迪奥娜自己都觉得不人道的恐怖配方。前味恐怖，推荐留给敌人；后劲清冽，可惜只能用鼻子和皮肤享用。",
		"attributes": {
			"labels": [
				"技能伤害|{param1:P}",
				"领域持续伤害|{param2:F1P}",
				"持续治疗量|{param3:F2P}生命值上限+{param4:I}",
				"持续时间|{param7:F1}秒",
				"冷却时间|{param5:F1}秒",
				"元素能量|{param6:I}"
			],
			"parameters": {
				"param1": [
					0.800000011920929,
					0.8600000143051147,
					0.9200000166893005,
					1,
					1.059999942779541,
					1.1200000047683716,
					1.2000000476837158,
					1.2799999713897705,
					1.3600000143051147,
					1.440000057220459,
					1.5199999809265137,
					1.600000023841858,
					1.7000000476837158,
					1.7999999523162842,
					1.899999976158142
				],
				"param2": [
					0.5264000296592712,
					0.5658800005912781,
					0.6053599715232849,
					0.6579999923706055,
					0.6974800229072571,
					0.7369599938392639,
					0.7896000146865845,
					0.8422399759292603,
					0.8948799967765808,
					0.9475200176239014,
					1.0001599788665771,
					1.0528000593185425,
					1.1186000108718872,
					1.184399962425232,
					1.2502000331878662
				],