{
	"name": "刻晴",
	"combat1": {
		"name": "普通攻击·云来剑法",
		"info": "**普通攻击**\n进行至多五段的连续剑击。\n\n**重击**\n消耗一定体力，瞬间向前方挥出两剑。\n\n**下落攻击**\n从空中下坠冲击地面，攻击下落路径上的敌人，并在落地时造成范围伤害。",
		"attributes": {
			"labels": [
				"一段伤害|{param1:F1P}",
				"二段伤害|{param2:F1P}",
				"三段伤害|{param3:F1P}",
				"四段伤害|{param4:F1P}+{param5:F1P}",
				"五段伤害|{param6:F1P}",
				"重击伤害|{param7:F1P}+{param8:F1P}",
				"重击体力消耗|{param9:F1}点",
				"下坠期间伤害|{param10:F1P}",
				"低空/高空坠地冲击伤害|{param11:P}/{param12:P}"
			],
			"parameters": {
				"param1": [
					0.4102199971675873,
					0.4436100125312805,
					0.47699999809265137,
					0.5246999859809875,
					0.5580899715423584,
					0.5962499976158142,
					0.6487200260162354,
					0.7011899948120117,
					0.7536600232124329,
					0.8108999729156494,
					0.8681399822235107,
					0.9253799915313721,
					0.9826200008392334,
					1.0398600101470947,
					1.097100019454956
				],
				"param2": [
					0.4102199971675873,
					0.4436100125312805,
					0.47699999809265137,
					0.5246999859809875,
					0.5580899715423584,
					0.5962499976158142,
					0.6487200260162354,
					0.7011899948120117,
					0.7536600232124329,
					0.8108999729156494,
					0.8681399822235107,
					0.9253799915313721,
					0.9826200008392334,
					1.0398600101470947,
					1.097100019454956
				],
				"param3": [
					0.5443800091743469,
					0.5886899828910828,
					0.6330000162124634,
					0.6963000297546387,
					0.7406100034713745,
					0.7912499904632568,
					0.8608800172805786,
					0.9305099844932556,
					1.0001399517059326,
					1.0760999917984009,
					1.1520600318908691,
					1.2280199527740479,
					1.3039799928665161,
					1.3799400329589844,
					1.455899953842163
				],
				"param4": [
					0.3147599995136261,
					0.3403800129890442,
					0.3659999966621399,
					0.4025999903678894,
					0.4282200038433075,
					0.45750001072883606,
					0.49775999784469604,
					0.5380200147628784,
					0.578279972076416,
					0.6222000122070312,
					0.6661199927330017,
					0.7100399732589722,
					0.7539600133895874,
					0.7978799939155579,
					0.8417999744415283
				],
				"param5": [
					0.3440000116825104,
					0.3720000088214874,
					0.4000000059604645,
					0.4399999976158142,
					0.46799999475479126,
					0.5,
					0.5440000295639038,
					0.5879999995231628,
					0.6320000290870667,
					0.6800000071525574,
					0.7279999852180481,
					0.7760000228881836,
					0.8240000009536743,
					0.871999979019165,
					0.9200000166893005
				],
				"param6": [
					0.6699399948120117,
					0.7244700193405151,
					0.7789999842643738,
					0.8568999767303467,
					0.9114300012588501,
					0.9737499952316284,
					1.059440016746521,
					1.1451300382614136,
					1.2308199405670166,
					1.3243000507354736,
					1.4177800416946411,
					1.5112600326538086,
					1.604740023612976,
					1.6982200145721436,
					1.791700005531311
				],
				"param7": [
					0.7679799795150757,
					0.830489993095398,
					0.8930000066757202,
					0.9822999835014343,
					1.0448100566864014,
					1.1162500381469727,
					1.2144800424575806,
					1.3127100467681885,
					1.4109400510787964,
					1.5181000232696533,
					1.6252599954605103,
					1.7324199676513672,
					1.8395800590515137,
					1.9467400312423706,
					2.0539000034332275
				],
				"param8": [
					0.8600000143051147,
					0.9300000071525574,
					1,
					1.100000023841858,
					1.1699999570846558,
					1.25,
					1.3600000143051147,
					1.4700000286102295,
					1.5800000429153442,
					1.7000000476837158,
					1.8200000524520874,
					1.940000057220459,
					2.059999942779541,
					2.180000066757202,
					2.299999952316284
				],
				"param9": [
					25,
					25,
					25,
					25,
					25,
					25,
					25,
					25,
					25,
					25,
					25,
					25,
					25,
					25,
					25
				],
				"param10": [
					0.6393240094184875,
					0.6913620233535767,
					0.743399977684021,
					0.8177400231361389,
					0.8697779774665833,
					0.9292500019073486,
					1.011023998260498,
					1.0927979946136475,
					1.1745719909667969,
					1.2637799978256226,
					1.3529880046844482,
					1.442196011543274,
					1.5314040184020996,
					1.6206120252609253,
					1.709820032119751
				],
				"param11": [
					1.2783770561218262,
					1.3824310302734375,
					1.4864850044250488,
					1.635133981704712,
					1.7391870021820068,
					1.858106017112732,
					2.021620035171509,
					2.1851329803466797,
					2.3486459255218506,
					2.527024984359741,
					2.7054030895233154,
					2.8837809562683105,
					3.0621590614318848,
					3.24053692817688,
					3.418915033340454
				],
				"param12": [
					1.59676194190979,
					1.7267309427261353,
					1.8566999435424805,
					2.042370080947876,
					2.1723389625549316,
					2.3208749294281006,
					2.5251119136810303,
					2.72934889793396,
					2.9335858821868896,
					3.1563899517059326,
					3.3791940212249756,
					3.6019980907440186,
					3.8248019218444824,
					4.047605991363525,
					4.270410060882568
				]
			}
		}
	},
	"combat2": {
		"name": "星斗归位",
		"info": "迅速投出雷楔，以疾雷之势歼敌。\n雷楔命中时会对小范围内的敌人造成雷元素伤害，并在命中的位置留下雷楔标记。\n\n**长按**\n长按以调整雷楔标记投掷的方向。\n通过长按投出的雷楔，可以悬浮在空中，并使刻晴再次施放星斗归位时跨越地形。\n\n**雷楔**\n在雷楔的持续期间内，刻晴再次施放星斗归位或施展重击时，会清除雷楔标记并造成不同的效果：\n·再次施放星斗归位时，瞬移到标记处进行一次斩击，造成雷元素范围伤害。瞬移至长按投掷的雷楔处时，可以跨越地形障碍；\n·施展重击时，在标记处引发雷暴连斩，造成数次雷元素范围伤害。",
		"description": "「人像是蛾子，总奔着名叫神仙的火光而去。但是我这光是自己点的。」",
		"attributes": {
			"labels": [
				"雷楔伤害|{param1:F1P}",
				"斩击伤害|{param2:P}",
				"雷暴连斩伤害|{param3:F1P}*2",
				"冷却时间|{param4:F1}秒"
			],
			"parameters": {
				"param1": [
					0.5040000081062317,
					0.5418000221252441,
					0.5795999765396118,
					0.6299999952316284,
					0.6678000092506409,
					0.7056000232696533,
					0.7559999823570251,
					0.8064000010490417,
					0.8568000197410583,
					0.9071999788284302,
					0.9575999975204468,
					1.0080000162124634,
					1.0709999799728394,
					1.1339999437332153,
					1.1970000267028809
				],
				"param2": [
					1.6799999475479126,
					1.805999994277954,
					1.9320000410079956,
					2.0999999046325684,
					2.2260000705718994,
					2.3519999980926514,
					2.5199999809265137,
					2.687999963760376,
					2.8559999465942383,
					3.0239999294281006,
					3.191999912261963,
					3.359999895095825,
					3.569999933242798,
					3.7799999713897705,
					3.990000009536743
				],
				"param3": [
					0.8399999737739563,
					0.902999997138977,
					0.9660000205039978,
					1.0499999523162842,
					1.1130000352859497,
					1.1759999990463257,
					1.2599999904632568,
					1.343999981880188,
					1.4279999732971191,
					1.5119999647140503,
					1.5959999561309814,
					1.6799999475479126,
					1.784999966621399,
					1.8899999856948853,
					1.9950000047683716
				],
				"param4": [
					7.5,
					7.5,
					7.5,
					7.5,
					7.5,
					7.5,
					7.5,
					7.5,
					7.5,
					7.5,
					7.5,
					7.5,
					7.5,
					7.5,
					7.5
				]
			}
		}
	},
	"combat3": {
		"name": "天街巡游",
		"info": "爆发雷电的力量，造成范围雷元素伤害。\n随后隐入剑影中，对周围的敌人进行如同迅雷霆霓般疾速的连斩，造成多段雷元素伤害，并在最后一击时造成高额雷元素范围伤害。",
		"description": "刻晴自己剑术中最为迅捷的一招，可将诸星斩落。",
		"attributes": {
			"labels": [
				"技能伤害|{param1:F1P}",
				"连斩伤害|{param2:F1P}*8",
				"最后一击伤害|{param3:P}",
				"冷却时间|{param4:F1}秒",
				"元素能量|{param5:I}"
			],
			"parameters": {
				"param1": [
					0.8799999952316284,
					0.9459999799728394,
					1.0119999647140503,
					1.100000023841858,
					1.1660000085830688,
					1.2319999933242798,
					1.3200000524520874,
					1.4079999923706055,
					1.496000051498413,
					1.5839999914169312,
					1.6720000505447388,
					1.7599999904632568,
					1.8700000047683716,
					1.9800000190734863,
					2.0899999141693115
				],
				"param2": [
					0.23999999463558197,
					0.257999986410141,
					0.2759999930858612,
					0.30000001192092896,
					0.3179999887943268,
					0.335999995470047,
					0.36000001430511475,
					0.3840000033378601,
					0.40799999237060547,
					0.4320000112056732,
					0.4560000002384186,
					0.47999998927116394,
					0.5099999904632568,
					0.5400000214576721,
					0.5699999928474426
				],