{
	"name": "可莉",
	"combat1": {
		"name": "普通攻击·砰砰",
		"info": "**普通攻击**\n投掷在碰撞后会爆炸的好东西！进行至多三段的炸弹攻击，造成火元素范围伤害。\n\n**重击**\n消耗一定体力，短暂咏唱后，轰击敌人，造成火元素范围伤害。\n\n**下落攻击**\n凝聚烈焰的力量，从空中下坠冲击地面，攻击下落路径上的敌人，并在落地时造成火元素范围伤害。",
		"attributes": {
			"labels": [
				"一段伤害|{param1:F1P}",
				"二段伤害|{param2:F1P}",
				"三段伤害|{param3:F1P}",
				"重击伤害|{param4:P}",
				"重击体力消耗|{param5:F1}点",
				"下坠期间伤害|{param6:F1P}",
				"低空/高空坠地冲击伤害|{param7:P}/{param8:P}"
			],
			"parameters": {
				"param1": [
					0.7215999960899353,
					0.7757200002670288,
					0.8298400044441223,
					0.9020000100135803,
					0.9561200141906738,
					1.0102399587631226,
					1.0823999643325806,
					1.1545599699020386,
					1.2267199754714966,
					1.2988799810409546,
					1.373926043510437,
					1.4720640182495117,
					1.5702019929885864,
					1.6683390140533447,
					1.7664769887924194
				],
				"param2": [
					0.6240000128746033,
					0.670799970626831,
					0.7175999879837036,
					0.7799999713897705,
					0.8267999887466431,
					0.8736000061035156,
					0.9359999895095825,
					0.9983999729156494,
					1.0607999563217163,
					1.1232000589370728,
					1.188096046447754,
					1.2729599475860596,
					1.3578239679336548,
					1.44268798828125,
					1.5275520086288452
				],
				"param3": [
					0.8992000222206116,
					0.9666399955749512,
					1.0340800285339355,
					1.1239999532699585,
					1.1914399862289429,
					1.2588800191879272,
					1.3487999439239502,
					1.4387199878692627,
					1.5286400318145752,
					1.6185599565505981,
					1.712077021598816,
					1.8343679904937744,
					1.956658959388733,
					2.0789499282836914,
					2.201241970062256
				],
				"param4": [
					1.5736000537872314,
					1.6916199922561646,
					1.8096400499343872,
					1.9670000076293945,
					2.085020065307617,
					2.2030398845672607,
					2.3603999614715576,
					2.5177600383758545,
					2.6751201152801514,
					2.832479953765869,
					2.996134042739868,
					3.21014404296875,
					3.424154043197632,
					3.6381630897521973,
					3.852173089981079
				],
				"param5": [
					50,
					50,
					50,
					50,
					50,
					50,
					50,
					50,
					50,
					50,
					50,
					50,
					50,
					50,
					50
				],
				"param6": [
					0.5682880282402039,
					0.6145439743995667,
					0.6607999801635742,
					0.7268800139427185,
					0.7731360197067261,
					0.8259999752044678,
					0.898688018321991,
					0.9713760018348694,
					1.0440640449523926,
					1.12336003780365,
					1.2026560306549072,
					1.2819520235061646,
					1.3612480163574219,
					1.4405440092086792,
					1.5198400020599365
				],
				"param7": [
					1.136335015296936,
					1.228827953338623,
					1.3213200569152832,
					1.4534519910812378,
					1.5459439754486084,
					1.6516499519348145,
					1.7969950437545776,
					1.9423400163650513,
					2.087686061859131,
					2.246243953704834,
					2.404802083969116,
					2.5633609294891357,
					2.721919059753418,
					2.8804779052734375,
					3.0390360355377197
				],
				"param8": [
					1.4193439483642578,
					1.534872055053711,
					1.6504000425338745,
					1.815440058708191,
					1.9309680461883545,
					2.062999963760376,
					2.24454402923584,
					2.4260880947113037,
					2.6076319217681885,
					2.8056800365448,
					3.003727912902832,
					3.2017760276794434,
					3.3998239040374756,
					3.597872018814087,
					3.795919895172119
				]
			}
		}
	},
	"combat2": {
		"name": "蹦蹦炸弹",
		"info": "投出带来无限快乐的蹦蹦炸弹！\n蹦蹦炸弹会连续弹跳三次，每次弹跳都会引发爆炸，造成火元素范围伤害。\n\n第三次弹跳后，将分裂成许多诡雷。\n诡雷会在接触到敌人或一段时间后爆炸，造成火元素范围伤害。\n\n初始拥有2次可使用次数。",
		"description": "蹦蹦是可莉的「好朋友」…可莉总是忍不住向人介绍他们。",
		"attributes": {
			"labels": [
				"蹦蹦炸弹伤害|{param1:F1P}",
				"诡雷伤害|{param4:F1P}",
				"诡雷持续时间|{param5:F1}秒",
				"冷却时间|{param6:F1}秒"
			],
			"parameters": {
				"param1": [
					0.9520000219345093,
					1.0233999490737915,
					1.0947999954223633,
					1.190000057220459,
					1.2613999843597412,
					1.332800030708313,
					1.4279999732971191,
					1.5232000350952148,
					1.618399977684021,
					1.7136000394821167,
					1.8087999820709229,
					1.9040000438690186,
					2.0230000019073486,
					2.1419999599456787,
					2.260999917984009
				],
				"param2": [
					0.9520000219345093,
					1.0233999490737915,
					1.0947999954223633,
					1.190000057220459,
					1.2613999843597412,
					1.332800030708313,
					1.4279999732971191,
					1.5232000350952148,
					1.618399977684021,
					1.7136000394821167,
					1.8087999820709229,
					1.9040000438690186,
					2.0230000019073486,
					2.1419999599456787,
					2.260999917984009
				],
				"param3": [
					0.9520000219345093,
					1.0233999490737915,
					1.0947999954223633,
					1.190000057220459,
					1.2613999843597412,
					1.332800030708313,
					1.4279999732971191,
					1.5232000350952148,
					1.618399977684021,
					1.7136000394821167,
					1.8087999820709229,
					1.9040000438690186,
					2.0230000019073486,
					2.1419999599456787,
					2.260999917984009
				],
				"param4": [
					0.328000009059906,
					0.35260000824928284,
					0.37720000743865967,
					0.4099999964237213,
					0.43459999561309814,
					0.459199994802475,
					0.492000013589859,
					0.5248000025749207,
					0.5576000213623047,
					0.590399980545044,
					0.623199999332428,
					0.656000018119812,
					0.6970000267028809,
					0.7379999756813049,
					0.7789999842643738
				],
				"param5": [
					15,
					15,
					15,
					15,
					15,
					15,
					15,
					15,
					15,
					15,
					15,
					15,
					15,
					15,
					15
				],
				"param6": [
					20,
					20,
					20,
					20,
					20,
					20,
					20,
					20,
					20,
					20,
					20,
					20,
					20,
					20,
					20
				]
			}
		}
	},
	"combat3": {
		"name": "轰轰火花",
		"info": "可莉火力全开！在技能持续时间内，不停召唤轰轰火花攻击附近的敌人，造成火元素范围伤害。",
		"description": "骑士团的人相信，可莉从来不被自己的炸弹所伤，一定有幸运星眷顾着她吧…",
		"attributes": {
			"labels": [
				"轰轰火花伤害|{param1:F1P}",
				"持续时间|{param5:F1}秒",
				"冷却时间|{param2:F1}秒",
				"元素能量|{param3:I}"
			],
			"parameters": {
				"param1": [
					0.42640000581741333,
					0.4583800137042999,
					0.49035999178886414,
					0.5329999923706055,
					0.5649799704551697,
					0.5969600081443787,
					0.6395999789237976,
					0.6822400093078613,
					0.7248799800872803,
					0.767520010471344,
					0.8101599812507629,
					0.8528000116348267,
					0.9060999751091003,
					0.9593999981880188,
					1.0126999616622925
				],
				"param2": [
					15,
					15,
					15,
					15,
					15,
					15,
					15,
					15,
					15,
					15,
					15,
					15,
					15,
					15,
					15
				],
				"param3": [
					60,
					60,
					60,
					60,
					60,
					60,
					60,
					60,
					60,
					60,
					60,
					60,
					60,
					60,
					60
				],
				"param4": [
					0.511680006980896,
					0.550055980682373,
					0.5884320139884949,
					0.6395999789237976,
					0.6779760122299194,
					0.7163519859313965,
					0.767520010471344,
					0.8186879754066467,
					0.8698559999465942,
					0.9210240244865417,
					0.9721919894218445,
					1.023360013961792,
					1.0873199701309204,
					1.1512800455093384,
					1.2152400016784668
				],
				"param5": [
					10,
					10,
					10,
					10,
					10,
					10,
					10,
					10,
					10,
					10,
					10,
					10,
					10,
					10,
					10
				]
			}
		}
	},
	"passive1": {
		"name": "砰砰礼物",
		"info": "**蹦蹦炸弹**与普通攻击造成伤害时，有50%的几率赋予可莉一朵爆裂火花。\n施放重击时将消耗爆裂火花，使本次重击不消耗体力，造成的伤害提升50%。"
	},
	"passive2": {
		"name": "火花无限",
		"info": "可莉的重击造成暴击后，为队伍中所有角色恢复2点元素能量。"
	},
	"passive3": {
		"name": "全是宝藏",
		"info": "在小地图上显示周围的**蒙德区域特产**的位置。"
	}
}