{
	"name": "丽莎",
	"combat1": {
		"name": "普通攻击·指尖雷暴",
		"info": "**普通攻击**\n进行至多四段的电击，造成雷元素伤害。\n\n**重击**\n消耗一定体力，短暂咏唱后，造成雷元素范围伤害。\n\n**下落攻击**\n凝聚雷电的力量，从空中下坠冲击地面，攻击下落路径上的敌人，并在落地时造成雷元素范围伤害。",
		"attributes": {
			"labels": [
				"一段伤害|{param1:F1P}",
				"二段伤害|{param2:F1P}",
				"三段伤害|{param3:F1P}",
				"四段伤害|{param4:F1P}",
				"重击伤害|{param5:P}",
				"重击体力消耗|{param6:F1}点",
				"下坠期间伤害|{param7:F1P}",
				"低空/高空坠地冲击伤害|{param8:P}/{param9:P}"
			],
			"parameters": {
				"param1": [
					0.3959999978542328,
					0.42570000886917114,
					0.4553999900817871,
					0.4950000047683716,
					0.5246999859809875,
					0.5544000267982483,
					0.593999981880188,
					0.6335999965667725,
					0.6732000112533569,
					0.7128000259399414,
					0.7539839744567871,
					0.8078399896621704,
					0.8616960048675537,
					0.915552020072937,
					0.9694079756736755
				],
				"param2": [
					0.35920000076293945,
					0.38613998889923096,
					0.41308000683784485,
					0.4490000009536743,
					0.4759399890899658,
					0.5028799772262573,
					0.5388000011444092,
					0.574720025062561,
					0.6106399893760681,
					0.64656001329422,
					0.6839169859886169,
					0.7327679991722107,
					0.7816190123558044,
					0.8304700255393982,
					0.8793219923973083
				],
				"param3": [
					0.42800000309944153,
					0.460099995136261,
					0.49219998717308044,
					0.5350000262260437,
					0.5670999884605408,
					0.5992000102996826,
					0.6420000195503235,
					0.6848000288009644,
					0.7275999784469604,
					0.7703999876976013,
					0.8149120211601257,
					0.8731200098991394,
					0.9313279986381531,
					0.9895359873771667,
					1.0477440357208252
				],
				"param4": [
					0.5496000051498413,
					0.5908200144767761,
					0.6320400238037109,
					0.6869999766349792,
					0.7282199859619141,
					0.7694399952888489,
					0.824400007724762,
					0.879360020160675,
					0.9343199729919434,
					0.9892799854278564,
					1.0464379787445068,
					1.12118399143219,
					1.195930004119873,
					1.2706749439239502,
					1.3454209566116333
				],
				"param5": [
					1.7711999416351318,
					1.904039978981018,
					2.0368800163269043,
					2.2139999866485596,
					2.3468399047851562,
					2.479680061340332,
					2.6568000316619873,
					2.8339200019836426,
					3.011039972305298,
					3.188159942626953,
					3.3723649978637695,
					3.613248109817505,
					3.854130983352661,
					4.0950140953063965,
					4.335897922515869
				],
				"param6": [
					50,
					50,
					50,
					50,
					50,
					50,
					50,
					50,
					50,
					50,
					50,
					50,
					50,
					50,
					50
				],
				"param7": [
					0.5682880282402039,
					0.6145439743995667,
					0.6607999801635742,
					0.7268800139427185,
					0.7731360197067261,
					0.8259999752044678,
					0.898688018321991,
					0.9713760018348694,
					1.0440640449523926,
					1.12336003780365,
					1.2026560306549072,
					1.2819520235061646,
					1.3612480163574219,
					1.4405440092086792,
					1.5198400020599365
				],
				"param8": [
					1.136335015296936,
					1.228827953338623,
					1.3213200569152832,
					1.4534519910812378,
					1.5459439754486084,
					1.6516499519348145,
					1.7969950437545776,
					1.9423400163650513,
					2.087686061859131,
					2.246243953704834,
					2.404802083969116,
					2.5633609294891357,
					2.721919059753418,
					2.8804779052734375,
					3.0390360355377197
				],
				"param9": [
					1.4193439483642578,
					1.534872055053711,
					1.6504000425338745,
					1.815440058708191,
					1.9309680461883545,
					2.062999963760376,
					2.24454402923584,
					2.4260880947113037,
					2.6076319217681885,
					2.8056800365448,
					3.003727912902832,
					3.2017760276794434,
					3.3998239040374756,
					3.597872018814087,
					3.795919895172119
				]
			}
		}
	},
	"combat2": {
		"name": "苍雷",
		"info": "导引雷电的力量，把麻烦的东西都清理干净。\n\n**点按**\n放出能自行索敌的球形闪电。\n命中时，会造成雷元素伤害，并对小范围内的敌人施加至多叠加3层的引雷状态。\n\n**长按**\n持续咏唱后，召唤雷电从天而降，对附近的所有敌人造成大量雷元素伤害。\n对处于引雷状态下的敌人，会根据叠加层数造成大量额外伤害，并清除引雷效果。",
		"description": "雷电的颜色就是蔷薇魔女的颜色。",
		"attributes": {
			"labels": [
				"点按伤害|{param6:F1P}",
				"点按冷却时间|{param7:F1}秒",
				"无引雷长按伤害|{param1:P}",
				"一层引雷长按伤害|{param2:P}",
				"二层引雷长按伤害|{param3:P}",
				"三层引雷长按伤害|{param4:P}",
				"长按冷却时间|{param5:F1}秒"
			],
			"parameters": {
				"param1": [
					3.200000047683716,
					3.440000057220459,
					3.680000066757202,
					4,
					4.239999771118164,
					4.480000019073486,
					4.800000190734863,
					5.119999885559082,
					5.440000057220459,
					5.760000228881836,
					6.079999923706055,
					6.400000095367432,
					6.800000190734863,
					7.199999809265137,
					7.599999904632568
				],
				"param2": [
					3.680000066757202,
					3.9560000896453857,
					4.23199987411499,
					4.599999904632568,
					4.875999927520752,
					5.1519999504089355,
					5.519999980926514,
					5.888000011444092,
					6.25600004196167,
					6.624000072479248,
					6.992000102996826,
					7.360000133514404,
					7.820000171661377,
					8.279999732971191,
					8.739999771118164
				],
				"param3": [
					4.239999771118164,
					4.558000087738037,
					4.875999927520752,
					5.300000190734863,
					5.618000030517578,
					5.935999870300293,
					6.360000133514404,
					6.783999919891357,
					7.208000183105469,
					7.631999969482422,
					8.055999755859375,
					8.479999542236328,
					9.010000228881836,
					9.539999961853027,
					10.069999694824219
				],
				"param4": [
					4.872000217437744,
					5.237400054931641,
					5.602799892425537,
					6.090000152587891,
					6.455399990081787,
					6.820799827575684,
					7.308000087738037,
					7.795199871063232,
					8.282400131225586,
					8.769599914550781,
					9.256799697875977,
					9.744000434875488,
					10.352999687194824,
					10.961999893188477,
					11.571000099182129
				],
				"param5": [
					16,
					16,
					16,
					16,
					16,
					16,
					16,
					16,
					16,
					16,
					16,
					16,
					16,
					16,
					16
				],
				"param6": [
					0.800000011920929,
					0.8600000143051147,
					0.9200000166893005,
					1,
					1.059999942779541,
					1.1200000047683716,
					1.2000000476837158,
					1.2799999713897705,
					1.3600000143051147,
					1.440000057220459,
					1.5199999809265137,
					1.600000023841858,
					1.7000000476837158,
					1.7999999523162842,
					1.899999976158142
				],
				"param7": [
					1,
					1,
					1,
					1,
					1,
					1,
					1,
					1,
					1,
					1,
					1,
					1,
					1,
					1,
					1
				]
			}
		}
	},
	"combat3": {
		"name": "蔷薇的雷光",
		"info": "召唤蔷薇雷光，释放强大的雷电之力，击退周围的敌人并造成雷元素伤害。\n存在期间内，蔷薇雷光会持续放电攻击附近的敌人，造成雷元素伤害。",
		"description": "这朵蔷薇固然美丽，却也有着致命的刺。",
		"attributes": {
			"labels": [
				"放电伤害|{param1:F1P}",
				"持续时间|{param2:F1}秒",
				"冷却时间|{param3:F1}秒",
				"元素能量|{param4:I}"
			],
			"parameters": {
				"param1": [
					0.36559998989105225,
					0.39302000403404236,
					0.4204399883747101,
					0.4569999873638153,
					0.4844200015068054,
					0.5118399858474731,
					0.5483999848365784,
					0.5849599838256836,
					0.6215199828147888,
					0.658079981803894,
					0.6946399807929993,
					0.7311999797821045,
					0.7768999934196472,
					0.8226000070571899,
					0.8683000206947327
				],
				"param2": [
					15,
					15,
					15,
					15,
					15,
					15,
					15,
					15,
					15,
					15,
					15,
					15,
					15,
					15,
					15
				],
				"param3": [
					20,
					20,
					20,
					20,
					20,
					20,
					20,
					20,
					20,
					20,
					20,
					20,
					20,
					20,
					20
				],
				"param4": [
					80,
					80,
					80,
					80,
					80,
					80,
					80,
					80,
					80,
					80,
					80,
					80,
					80,
					80,
					80
				]
			}
		}
	},
	"passive1": {
		"name": "电感余震",
		"info": "重击命中时，会为敌人附加**苍雷**的引雷效果。"
	},
	"passive2": {
		"name": "静电场力",
		"info": "敌人受到**蔷薇的雷光**攻击后，降低15%防御力，持续10秒。"
	},
	"passive3": {
		"name": "药剂通识",
		"info": "合成药剂时，有20%概率返还部分合成材料。"
	}
}