{
	"name": "莫娜",
	"combat1": {
		"name": "普通攻击·因果点破",
		"info": "**普通攻击**\n进行至多四段的水花攻击，造成水元素伤害。\n\n**重击**\n消耗一定体力，短暂咏唱后，造成水元素范围伤害。\n\n**下落攻击**\n凝聚水元素的力量，从空中下坠冲击地面，攻击下落路径上的敌人，并在落地时造成水元素范围伤害。",
		"attributes": {
			"labels": [
				"一段伤害|{param1:F1P}",
				"二段伤害|{param2:F1P}",
				"三段伤害|{param3:F1P}",
				"四段伤害|{param4:F1P}",
				"重击伤害|{param5:P}",
				"重击体力消耗|{param6:F1}点",
				"下坠期间伤害|{param7:F1P}",
				"低空/高空坠地冲击伤害|{param8:P}/{param9:P}"
			],
			"parameters": {
				"param1": [
					0.37599998712539673,
					0.4041999876499176,
					0.4323999881744385,
					0.4699999988079071,
					0.498199999332428,
					0.5264000296592712,
					0.5640000104904175,
					0.6015999913215637,
					0.63919997215271,
					0.676800012588501,
					0.7143999934196472,
					0.7519999742507935,
					0.7990000247955322,
					0.8460000157356262,
					0.8930000066757202
				],
				"param2": [
					0.36000001430511475,
					0.3869999945163727,
					0.414000004529953,
					0.44999998807907104,
					0.47699999809265137,
					0.5040000081062317,
					0.5400000214576721,
					0.5759999752044678,
					0.6119999885559082,
					0.6480000019073486,
					0.6840000152587891,
					0.7200000286102295,
					0.7649999856948853,
					0.8100000023841858,
					0.8550000190734863
				],
				"param3": [
					0.4480000138282776,
					0.48159998655319214,
					0.5152000188827515,
					0.5600000023841858,
					0.5935999751091003,
					0.6272000074386597,
					0.671999990940094,
					0.7167999744415283,
					0.7616000175476074,
					0.8064000010490417,
					0.8511999845504761,
					0.8960000276565552,
					0.9520000219345093,
					1.0080000162124634,
					1.0640000104904175
				],
				"param4": [
					0.5616000294685364,
					0.6037200093269348,
					0.6458399891853333,
					0.7020000219345093,
					0.7441200017929077,
					0.7862399816513062,
					0.8424000144004822,
					0.8985599875450134,
					0.9547200202941895,
					1.0108799934387207,
					1.067039966583252,
					1.1232000589370728,
					1.1934000253677368,
					1.2635999917984009,
					1.333799958229065
				],
				"param5": [
					1.4972000122070312,
					1.6094900369644165,
					1.7217799425125122,
					1.871500015258789,
					1.9837900400161743,
					2.0960800647735596,
					2.245800018310547,
					2.395519971847534,
					2.5452399253845215,
					2.694960117340088,
					2.8506689071655273,
					3.054287910461426,
					3.257906913757324,
					3.4615259170532227,
					3.6651461124420166
				],
				"param6": [
					50,
					50,
					50,
					50,
					50,
					50,
					50,
					50,
					50,
					50,
					50,
					50,
					50,
					50,
					50
				],
				"param7": [
					0.5682880282402039,
					0.6145439743995667,
					0.6607999801635742,
					0.7268800139427185,
					0.7731360197067261,
					0.8259999752044678,
					0.898688018321991,
					0.9713760018348694,
					1.0440640449523926,
					1.12336003780365,
					1.2026560306549072,
					1.2819520235061646,
					1.3612480163574219,
					1.4405440092086792,
					1.5198400020599365
				],
				"param8": [
					1.136335015296936,
					1.228827953338623,
					1.3213200569152832,
					1.4534519910812378,
					1.5459439754486084,
					1.6516499519348145,
					1.7969950437545776,
					1.9423400163650513,
					2.087686061859131,
					2.246243953704834,
					2.404802083969116,
					2.5633609294891357,
					2.721919059753418,
					2.8804779052734375,
					3.0390360355377197
				],
				"param9": [
					1.4193439483642578,
					1.534872055053711,
					1.6504000425338745,
					1.815440058708191,
					1.9309680461883545,
					2.062999963760376,
					2.24454402923584,
					2.4260880947113037,
					2.6076319217681885,
					2.8056800365448,
					3.003727912902832,
					3.2017760276794434,
					3.3998239040374756,
					3.597872018814087,
					3.795919895172119
				]
			}
		}
	},
	"combat2": {
		"name": "水中幻愿",
		"info": "聚集水花汇成命运的虚影。\n\n**虚影**\n具有如下特性：\n·持续嘲讽周围的敌人，吸引火力；\n·持续对附近的敌人造成水元素伤害；\n·持续时间结束时，虚影破裂，造成水元素范围伤害。\n\n**长按**\n借助水流之势迅速后退，并唤出虚影。\n\n场上同时只能存在一个通过水中幻愿创造的虚影。",
		"description": "高深的占星术士一直试图制造自身的虚影来转嫁将要到来的厄运。但是如此嘲讽厄运的人，莫娜应该是提瓦特第一个。",
		"attributes": {
			"labels": [
				"持续伤害|{param1:F1P}",
				"爆裂伤害|{param2:P}",
				"冷却时间|{param5:F1}秒"
			],
			"parameters": {
				"param1": [
					0.3199999928474426,
					0.3440000116825104,
					0.36800000071525574,
					0.4000000059604645,
					0.42399999499320984,
					0.4480000138282776,
					0.47999998927116394,
					0.5120000243186951,
					0.5440000295639038,
					0.5759999752044678,
					0.6079999804496765,
					0.6399999856948853,
					0.6800000071525574,
					0.7200000286102295,
					0.7599999904632568
				],
				"param2": [
					1.3279999494552612,
					1.4276000261306763,
					1.5271999835968018,
					1.659999966621399,
					1.759600043296814,
					1.8592000007629395,
					1.9919999837875366,
					2.124799966812134,
					2.2576000690460205,
					2.390399932861328,
					2.523200035095215,
					2.6559998989105225,
					2.822000026702881,
					2.98799991607666,
					3.1540000438690186
				],
				"param5": [
					12,
					12,
					12,
					12,
					12,
					12,
					12,
					12,
					12,
					12,
					12,
					12,
					12,
					12,
					12
				]
			}
		}
	},
	"combatsp": {
		"name": "虚实流动",
		"info": "**替代冲刺**\n隐入流水，以消耗体力为代价，化为激流快速移动。\n\n在虚实流动状态下，莫娜可以在水面上高速移动。\n结束虚实流动现身时，对周围的敌人施加潮湿状态。",
		"description": "这是莫娜能办到，她老师却办不到的事情。无关水元素神之眼，毕竟她老师又不会被追着教育。",
		"attributes": {
			"labels": [
				"启动体力消耗|{param1:F2}点",
				"持续体力消耗|每秒{param2:F2}点"
			],
			"parameters": {
				"param1": [
					10
				],
				"param2": [
					15
				]
			}
		}
	},
	"combat3": {
		"name": "星命定轨",
		"info": "凝聚粼粼的水波，倒映出虚幻星空，对大范围内的敌人施加泡影状态。\n\n**泡影**\n以星相的气泡包裹敌人，施加潮湿状态。较弱的敌人会被禁锢在泡影中，无法行动。\n处于泡影影响下的敌人受到伤害时，会产生以下效果：\n·对敌人施加星异的伤害加成效果，并以此提高这一次造成的伤害；\n·解除泡影效果，并额外造成一次水元素伤害。\n\n**星异**\n持续时间内，提高受到的伤害。",
		"description": "自从神的目光开始牵引着天上的光明，命运自此被称之为命运。",
		"attributes": {
			"labels": [
				"泡影持续时间|{param1:F1}秒",
				"泡影破裂伤害|{param2:P}",
				"伤害加成|{param10:P}",
				"星异持续时间|{param4:F1}秒",
				"冷却时间|{param5:F1}秒",
				"元素能量|{param6:I}"
			],
			"parameters": {
				"param1": [
					8,
					8,
					8,
					8,
					8,
					8,
					8,
					8,
					8,
					8,
					8,
					8,
					8,
					8,
					8
				],
				"param2": [
					4.423999786376953,
					4.755799770355225,
					5.087600231170654,
					5.53000020980835,
					5.861800193786621,
					6.193600177764893,
					6.636000156402588,
					7.078400135040283,
					7.5208001136779785,
					7.963200092315674,
					8.405599594116211,
					8.847999572753906,
					9.401000022888184,
					9.954000473022461,
					10.506999969482422
				],
				"param3": [
					-0.41999998688697815,
					-0.4399999976158142,
					-0.46000000834465027,
					-0.47999998927116394,
					-0.5,
					-0.5199999809265137,
					-0.5400000214576721,
					-0.5600000023841858,
					-0.5799999833106995,
					-0.6000000238418579,
					-0.6000000238418579,
					-0.6000000238418579,
					-0.6000000238418579,
					-0.6000000238418579,
					-0.6000000238418579
				],
				"param4": [
					4,
					4,
					4,
					4.5,
					4.5,
					4.5,
					5,
					5,
					5,
					5,
					5,
					5,
					5,
					5,
					5
				],
				"param5": [
					15,
					15,
					15,
					15,
					15,
					15,
					15,
					15,
					15,
					15,
					15,
					15,
					15,
					15,
					15
				],
				"param6": [
					60,
					60,
					60,
					60,
					60,
					60,
					60,
					60,
					60,
					60,
					60,
					60,
					60,
					60,
					60
				],
				"param10": [
					0.41999998688697815,
					0.4399999976158142,
					0.46000000834465027,
					0.47999998927116394,
					0.5,
					0.5199999809265137,
					0.5400000214576721,
					0.5600000023841858,
					0.5799999833106995,
					0.6000000238418579,
					0.6000000238418579,
					0.6000000238418579,
					0.6000000238418579,
					0.6000000238418579,
					0.6000000238418579
				]
			}
		}
	},
	"passive1": {
		"name": "「老太婆来抓我啊！」",
		"info": "进入**虚实流动**状态2秒后，如果周围存在敌人，则自动凝聚一个虚影。\n通过这种方式产生的虚影持续2秒，造成的破裂伤害相当于**水中幻愿**伤害的50%。"
	},
	"passive2": {
		"name": "「托付于命运吧！」",