{
	"name": "旅行者 (岩元素)",
	"combat1": {
		"name": "普通攻击·异邦岩锋",
		"info": "**普通攻击**\n进行至多五段的连续剑击。\n\n**重击**\n消耗一定体力，瞬间向前方挥出两剑。\n\n**下落攻击**\n从空中下坠冲击地面，攻击下落路径上的敌人，并在落地时造成范围伤害。",
		"attributes": {
			"labels": [
				"一段伤害|{param1:F1P}",
				"二段伤害|{param2:F1P}",
				"三段伤害|{param3:F1P}",
				"四段伤害|{param4:F1P}",
				"五段伤害|{param5:F1P}",
				"重击伤害|{param6:F1P}+{param7:F1P}",
				"重击体力消耗|{param8:F1}点",
				"下坠期间伤害|{param9:F1P}",
				"低空/高空坠地冲击伤害|{param10:P}/{param11:P}"
			],
			"parameters": {
				"param1": [
					0.4446200132369995,
					0.4808099865913391,
					0.5170000195503235,
					0.5687000155448914,
					0.604889988899231,
					0.6462500095367432,
					0.7031199932098389,
					0.7599899768829346,
					0.816860020160675,
					0.8788999915122986,
					0.9409400224685669,
					1.0029799938201904,
					1.065019965171814,
					1.127060055732727,
					1.1891000270843506
				],
				"param2": [
					0.4343000054359436,
					0.469650000333786,
					0.5049999952316284,
					0.5554999709129333,
					0.5908499956130981,
					0.6312500238418579,
					0.6868000030517578,
					0.7423499822616577,
					0.7979000210762024,
					0.8585000038146973,
					0.9190999865531921,
					0.9797000288963318,
					1.0403000116348267,
					1.1009000539779663,
					1.1614999771118164
				],
				"param3": [
					0.5297600030899048,
					0.5728800296783447,
					0.6159999966621399,
					0.6776000261306763,
					0.7207199931144714,
					0.7699999809265137,
					0.8377599716186523,
					0.9055200219154358,
					0.9732800126075745,
					1.0471999645233154,
					1.1211199760437012,
					1.195039987564087,
					1.2689599990844727,
					1.3428800106048584,
					1.4168000221252441
				],
				"param4": [
					0.583079993724823,
					0.6305400133132935,
					0.6779999732971191,
					0.7458000183105469,
					0.7932599782943726,
					0.8475000262260437,
					0.9220799803733826,
					0.9966599941253662,
					1.071239948272705,
					1.1526000499725342,
					1.2339600324630737,
					1.3153200149536133,
					1.3966799974441528,
					1.4780399799346924,
					1.559399962425232
				],
				"param5": [
					0.7077800035476685,
					0.7653899788856506,
					0.8230000138282776,
					0.9053000211715698,
					0.962909996509552,
					1.028749942779541,
					1.1192799806594849,
					1.2098100185394287,
					1.3003400564193726,
					1.3990999460220337,
					1.4978599548339844,
					1.596619963645935,
					1.6953799724578857,
					1.7941399812698364,
					1.892899990081787
				],
				"param6": [
					0.5590000152587891,
					0.6044999957084656,
					0.6499999761581421,
					0.7149999737739563,
					0.7605000138282776,
					0.8125,
					0.8840000033378601,
					0.9555000066757202,
					1.0269999504089355,
					1.1050000190734863,
					1.1829999685287476,
					1.2610000371932983,
					1.3389999866485596,
					1.4170000553131104,
					1.4950000047683716
				],
				"param7": [
					0.7224000096321106,
					0.7811999917030334,
					0.8399999737739563,
					0.9240000247955322,
					0.9828000068664551,
					1.0499999523162842,
					1.1424000263214111,
					1.2347999811172485,
					1.3272000551223755,
					1.4279999732971191,
					1.5288000106811523,
					1.6296000480651855,
					1.7303999662399292,
					1.8312000036239624,
					1.9320000410079956
				],
				"param8": [
					20,
					20,
					20,
					20,
					20,
					20,
					20,
					20,
					20,
					20,
					20,
					20,
					20,
					20,
					20
				],
				"param9": [
					0.6393240094184875,
					0.6913620233535767,
					0.743399977684021,
					0.8177400231361389,
					0.8697779774665833,
					0.9292500019073486,
					1.011023998260498,
					1.0927979946136475,
					1.1745719909667969,
					1.2637799978256226,
					1.3529880046844482,
					1.442196011543274,
					1.5314040184020996,
					1.6206120252609253,
					1.709820032119751
				],
				"param10": [
					1.2783770561218262,
					1.3824310302734375,
					1.4864850044250488,
					1.635133981704712,
					1.7391870021820068,
					1.858106017112732,
					2.021620035171509,
					2.1851329803466797,
					2.3486459255218506,
					2.527024984359741,
					2.7054030895233154,
					2.8837809562683105,
					3.0621590614318848,
					3.24053692817688,
					3.418915033340454
				],
				"param11": [
					1.59676194190979,
					1.7267309427261353,
					1.8566999435424805,
					2.042370080947876,
					2.1723389625549316,
					2.3208749294281006,
					2.5251119136810303,
					2.72934889793396,
					2.9335858821868896,
					3.1563899517059326,
					3.3791940212249756,
					3.6019980907440186,
					3.8248019218444824,
					4.047605991363525,
					4.270410060882568
				]
			}
		}
	},
	"combat2": {
		"name": "星陨剑",
		"info": "从大地深处升起荒星，引发爆炸，造成岩元素范围伤害。\n荒星视为岩元素创造物，可以阻拦攻击，可以攀爬。\n\n**长按**\n可以调整技能生效位置。",
		"description": "和派蒙讨论过流星的终点。",
		"attributes": {
			"labels": [
				"技能伤害|{param1:P}",
				"荒星存在时间|{param2:F1}秒",
				"冷却时间|{param3:F1}秒"
			],
			"parameters": {
				"param1": [
					2.4800000190734863,
					2.6659998893737793,
					2.8519999980926514,
					3.0999999046325684,
					3.2860000133514404,
					3.4719998836517334,
					3.7200000286102295,
					3.9679999351501465,
					4.216000080108643,
					4.464000225067139,
					4.711999893188477,
					4.960000038146973,
					5.269999980926514,
					5.579999923706055,
					5.889999866485596
				],
				"param2": [
					30,
					30,
					30,
					30,
					30,
					30,
					30,
					30,
					30,
					30,
					30,
					30,
					30,
					30,
					30
				],
				"param3": [
					8,
					8,
					8,
					8,
					8,
					8,
					8,
					8,
					8,
					8,
					8,
					8,
					8,
					8,
					8
				]
			}
		}
	},
	"combat3": {
		"name": "岩潮叠嶂",
		"info": "激活大地深处的岩元素，引发扩散的震荡波。\n击退周围的敌人，造成岩元素范围伤害。\n此后，在震荡波的外围形成突起的岩嶂。\n岩嶂视为岩元素创造物，可以阻拦攻击。",
		"description": "和派蒙一起研究过群山深处的脉动。",
		"attributes": {
			"labels": [
				"地震波单次伤害|{param1:P}",
				"岩嶂存在时间|{param2:F1}秒",
				"冷却时间|{param3:F1}秒",
				"元素能量|{param4:I}"
			],
			"parameters": {
				"param1": [
					1.4800000190734863,
					1.590999960899353,
					1.7020000219345093,
					1.850000023841858,
					1.9609999656677246,
					2.072000026702881,
					2.2200000286102295,
					2.368000030517578,
					2.5160000324249268,
					2.6640000343322754,
					2.812000036239624,
					2.9600000381469727,
					3.1449999809265137,
					3.3299999237060547,
					3.515000104904175
				],
				"param2": [
					15,
					15,
					15,
					15,
					15,
					15,
					15,
					15,
					15,
					15,
					15,
					15,
					15,
					15,
					15
				],
				"param3": [
					15,
					15,
					15,
					15,
					15,
					15,
					15,
					15,
					15,
					15,
					15,
					15,
					15,
					15,
					15
				],
				"param4": [
					60,
					60,
					60,
					60,
					60,
					60,
					60,
					60,
					60,
					60,
					60,
					60,
					60,
					60,
					60
				]
			}
		}
	},
	"passive1": {
		"name": "破碎的绝岩",
		"info": "**星陨剑**的冷却时间减少2秒。"
	},
	"passive2": {
		"name": "狂乱的崩岩",
		"info": "普通攻击的最后一击会附带崩毁，对范围内的敌人造成60%攻击力的岩元素伤害。"
	}
}