{
	"name": "钟离",
	"combat1": {
		"name": "普通攻击·岩雨",
		"info": "**普通攻击**\n进行至多六段的连续枪击。\n\n**重击**\n消耗一定体力，向前方疾行，在行动路径上和终点投下如雨的岩枪。\n\n**下落攻击**\n从空中下坠冲击地面，攻击下落路径上的敌人，并在落地时造成范围伤害。",
		"attributes": {
			"labels": [
				"一段伤害|{param1:F1P}",
				"二段伤害|{param2:F1P}",
				"三段伤害|{param3:F1P}",
				"四段伤害|{param4:F1P}",
				"五段伤害|{param5:F1P}*4",
				"六段伤害|{param6:F1P}",
				"重击伤害|{param7:P}",
				"重击体力消耗|{param8:F1}点",
				"下坠期间伤害|{param9:F1P}",
				"低空/高空坠地冲击伤害|{param10:P}/{param11:P}"
			],
			"parameters": {
				"param1": [
					0.3076910078525543,
					0.33273500204086304,
					0.35778000950813293,
					0.39355799555778503,
					0.41860300302505493,
					0.44722500443458557,
					0.4865809977054596,
					0.525937020778656,
					0.5652920007705688,
					0.6082260012626648,
					0.6574209928512573,
					0.7152739763259888,
					0.773127019405365,
					0.8309800028800964,
					0.8940920233726501
				],
				"param2": [
					0.31151801347732544,
					0.33687400817871094,
					0.36223000288009644,
					0.3984529972076416,
					0.4238089919090271,
					0.45278799533843994,
					0.49263298511505127,
					0.5324779748916626,
					0.5723230242729187,
					0.6157910227775574,
					0.6655979752540588,
					0.7241700291633606,
					0.782742977142334,
					0.841314971446991,
					0.9052129983901978
				],
				"param3": [
					0.3857620060443878,
					0.4171609878540039,
					0.4485599994659424,
					0.4934160113334656,
					0.524815022945404,
					0.560699999332428,
					0.6100419759750366,
					0.6593829989433289,
					0.7087249755859375,
					0.76255202293396,
					0.8242290019989014,
					0.8967610001564026,
					0.9692929983139038,
					1.0418250560760498,
					1.1209510564804077
				],
				"param4": [
					0.42938899993896484,
					0.4643400013446808,
					0.49928998947143555,
					0.549219012260437,
					0.5841689705848694,
					0.6241130232810974,
					0.6790339946746826,
					0.733955979347229,
					0.7888780236244202,
					0.8487930297851562,
					0.9174450039863586,
					0.9981809854507446,
					1.0789159536361694,
					1.1596510410308838,
					1.2477259635925293
				],
				"param5": [
					0.10750000178813934,
					0.11625000089406967,
					0.125,
					0.13750000298023224,
					0.14624999463558197,
					0.15625,
					0.17000000178813934,
					0.1837500035762787,
					0.19750000536441803,
					0.21250000596046448,
					0.22968700528144836,
					0.2498999983072281,
					0.270112007856369,
					0.29032498598098755,
					0.312375009059906
				],
				"param6": [
					0.5449650287628174,
					0.5893219709396362,
					0.633679986000061,
					0.697048008441925,
					0.7414060235023499,
					0.7921000123023987,
					0.8618050217628479,
					0.9315099716186523,
					1.0012140274047852,
					1.0772559642791748,
					1.1643869876861572,
					1.2668529748916626,
					1.369318962097168,
					1.4717849493026733,
					1.5835659503936768
				],
				"param7": [
					1.110260009765625,
					1.2006299495697021,
					1.2910000085830688,
					1.4200999736785889,
					1.5104700326919556,
					1.6137499809265137,
					1.7557599544525146,
					1.8977700471878052,
					2.0397799015045166,
					2.194700002670288,
					2.3722119331359863,
					2.5809669494628906,
					2.789721965789795,
					2.998476982116699,
					3.2262089252471924
				],
				"param8": [
					25,
					25,
					25,
					25,
					25,
					25,
					25,
					25,
					25,
					25,
					25,
					25,
					25,
					25,
					25
				],
				"param9": [
					0.6393240094184875,
					0.6913620233535767,
					0.743399977684021,
					0.8177400231361389,
					0.8697779774665833,
					0.9292500019073486,
					1.011023998260498,
					1.0927979946136475,
					1.1745719909667969,
					1.2637799978256226,
					1.3529880046844482,
					1.442196011543274,
					1.5314040184020996,
					1.6206120252609253,
					1.709820032119751
				],
				"param10": [
					1.2783770561218262,
					1.3824310302734375,
					1.4864850044250488,
					1.635133981704712,
					1.7391870021820068,
					1.858106017112732,
					2.021620035171509,
					2.1851329803466797,
					2.3486459255218506,
					2.527024984359741,
					2.7054030895233154,
					2.8837809562683105,
					3.0621590614318848,
					3.24053692817688,
					3.418915033340454
				],
				"param11": [
					1.59676194190979,
					1.7267309427261353,
					1.8566999435424805,
					2.042370080947876,
					2.1723389625549316,
					2.3208749294281006,
					2.5251119136810303,
					2.72934889793396,
					2.9335858821868896,
					3.1563899517059326,
					3.3791940212249756,
					3.6019980907440186,
					3.8248019218444824,
					4.047605991363525,
					4.270410060882568
				]
			}
		}
	},
	"combat2": {
		"name": "地心",
		"info": "山脉中、大地上、磐石间，都遍布着岩之力。能自如驱动这股力量的人却少之又少。\n\n**点按**\n命令大地上岩元素积聚而起，创造岩脊。\n\n**长按**\n令附近的岩元素爆发，造成以下效果：\n·如果岩脊数量没有达到上限，则创造岩脊；\n·形成玉璋护盾，伤害吸收量受益于钟离的生命值上限；\n·造成岩元素范围伤害；\n·身边如果有附带有岩元素的目标，则大量消耗至多两个目标的岩元素。这个效果不会造成伤害。\n\n**岩脊**\n创造时，造成岩元素范围伤害。\n此外，存在期间会与周围的其他岩元素创造物间歇进行原岩共鸣，对周围的敌人造成岩元素伤害。\n岩脊视为岩元素创造物，可以阻拦攻击，可以攀爬。\n由钟离自己创造的岩脊，初始同时只能存在一个。\n\n**玉璋护盾**\n对所有元素伤害与物理伤害有150%的吸收效果。\n处于玉璋护盾庇护下的角色，会使附近小范围内敌人的所有元素抗性与物理抗性降低20%，该效果不可叠加。",
		"description": "岩者坚也，可攻玉雕金。",
		"attributes": {
			"labels": [
				"岩脊伤害/共鸣伤害|{param1:F1P}/{param2:F1P}",
				"点按冷却时间|{param3:F1}秒",
				"长按伤害|{param4:P}",
				"护盾基础吸收量|{param5:I}",
				"护盾附加吸收量|{param6:F1P}最大生命值",
				"护盾持续时间|{param7:F1}秒",
				"长按冷却时间|{param8:F1}秒"
			],
			"parameters": {
				"param1": [
					0.1599999964237213,
					0.1720000058412552,
					0.18400000035762787,
					0.20000000298023224,
					0.21199999749660492,
					0.2240000069141388,
					0.23999999463558197,
					0.25600001215934753,
					0.2720000147819519,
					0.2879999876022339,
					0.30399999022483826,
					0.3199999928474426,
					0.3400000035762787,
					0.36000001430511475,
					0.3799999952316284
				],
				"param2": [
					0.3199999928474426,
					0.3440000116825104,
					0.36800000071525574,
					0.4000000059604645,
					0.42399999499320984,
					0.4480000138282776,
					0.47999998927116394,
					0.5120000243186951,
					0.5440000295639038,
					0.5759999752044678,
					0.6079999804496765,
					0.6399999856948853,
					0.6800000071525574,
					0.7200000286102295,
					0.7599999904632568
				],
				"param3": [
					4,
					4,
					4,
					4,
					4,
					4,
					4,
					4,
					4,
					4,
					4,
					4,
					4,
					4,
					4
				],
				"param4": [
					0.800000011920929,
					0.8600000143051147,
					0.9200000166893005,
					1,
					1.059999942779541,
					1.1200000047683716,
					1.2000000476837158,
					1.2799999713897705,
					1.3600000143051147,
					1.440000057220459,
					1.5199999809265137,
					1.600000023841858,
					1.7000000476837158,
					1.7999999523162842,
					1.899999976158142
				],
				"param5": [
					1232.4107666015625,
					1355.6690673828125,
					1489.19873046875,
					1633,
					1787.07275390625,
					1951.4169921875,
					2126.032958984375,
					2310.920166015625,
					2506.0791015625,
					2711.50927734375,
					2927.211181640625,
					3153.1845703125,
					3389.429443359375,
					3635.946044921875,
					3892.73388671875
				],
				"param6": [
					0.12800000607967377,
					0.13760000467300415,
					0.14720000326633453,
					0.1599999964237213,
					0.1695999950170517,
					0.17919999361038208,
					0.19200000166893005,
					0.20479999482631683,
					0.2176000028848648,
					0.2303999960422516,
					0.24320000410079956,
					0.25600001215934753,
					0.2720000147819519,
					0.2879999876022339,
					0.30399999022483826
				],
				"param7": [
					20,
					20,
					20,
					20,
					20,
					20,
					20,
					20,
					20,
					20,
					20,
					20,
					20,
					20,
					20
				],
				"param8": [
					12,
					12,
					12,
					12,
					12,
					12,
					12,
					12,
					12,
					12,
					12,
					12,
					12,
					12,
					12
				]
			}
		}
	},
	"combat3": {
		"name": "天星",
		"info": "降下巨大的星岩，对坠落范围内的敌人造成巨额岩元素伤害，并使其石化。\n\n**石化**\n处于石化状态下的敌人无法行动。",
		"description": "以陨天苍岩星，昭命理昏暝者。",